house_price,dwelling_size,property_age,dwelling_style,bedrooms,bathrooms,prop_visible_minorities
715951.6990086322,1982.8302478526589,63.0,detached,1.0,1.0,0.47289215176129706
503669.88126093004,1176.0095362557026,115.0,condo,1.0,3.0,0.19214248720462443
473221.86037008365,2250.2707174838743,8.0,condo,3.0,2.0,0.11241566654203752
887261.3257479982,2364.338829834728,97.0,detached,1.0,1.0,0.4724476919112367
292509.99558411835,629.3788868076981,64.0,townhouse,1.0,1.0,0.12781301247173743
368575.13570877025,1018.6922958826092,86.0,semi,1.0,2.0,0.1496338168956073
611146.4748643662,1876.7042419003712,11.0,semi,1.0,1.0,0.5933952712753867
477904.4275181487,1610.2544445938506,104.0,condo,5.0,1.0,0.13816528966183791
517897.90140173415,1789.9193054974266,1.0,condo,1.0,3.0,0.257233693004625
761604.2510300626,1288.173643455852,108.0,detached,3.0,3.0,0.566400738954906
595085.7780732622,2327.638784917697,78.0,semi,4.0,2.0,0.05819430576923799
669652.8350343325,2266.675161257369,40.0,condo,4.0,3.0,0.5542991672664763
454027.59078678966,1839.6184185367297,0.0,condo,4.0,2.0,0.057946253741431385
778121.6912869065,2476.34472418082,73.0,detached,2.0,1.0,0.19868865863755486
554646.8884061056,2080.5056053512276,10.0,condo,5.0,3.0,0.09134056401227746
446545.43650617363,1284.424522270057,73.0,semi,1.0,1.0,0.24958934029782737
577314.849551749,2021.2504704494993,92.0,townhouse,1.0,3.0,0.25140549235037357
528152.1429473921,1224.6704395026006,32.0,detached,5.0,2.0,0.0961037223050075
603018.1329203412,2327.0701807843634,28.0,townhouse,1.0,1.0,0.2941057372299545
360860.2091009728,1770.0444534082483,26.0,townhouse,1.0,1.0,0.11110941769253344
507313.65424272075,1689.0825818728438,26.0,townhouse,1.0,3.0,0.328525508770631
280350.55895325856,1391.4422733576353,13.0,condo,1.0,3.0,0.1394159096635105
580649.3984739444,2533.5248032044183,29.0,condo,1.0,2.0,0.32217908240828036
439259.5408484093,1707.2823107587187,79.0,condo,3.0,1.0,0.08093630682163501
515881.80197218986,1543.0033067021357,36.0,townhouse,4.0,3.0,0.2545435129272722
423678.65514046483,1588.7198697070623,93.0,condo,1.0,3.0,0.1346305794872382
655738.0758074216,2119.385511332009,98.0,townhouse,5.0,2.0,0.18796266990169697
573654.0845150254,2019.266438618447,91.0,townhouse,1.0,2.0,0.3193603514328672
554151.7141325815,2047.639566957593,64.0,townhouse,4.0,3.0,0.1111701686474902
413753.77278952213,,37.0,condo,5.0,2.0,0.03126096588227979
900314.9172318475,3084.9885605222767,111.0,detached,3.0,1.0,0.025790849755499504
436037.48085423966,,24.0,townhouse,3.0,1.0,0.2526310238508193
543320.1109451015,1492.6543625570775,55.0,semi,1.0,2.0,0.4274815087088935
476669.48640178435,1311.7363630512734,54.0,condo,2.0,3.0,0.4631613836052388
901041.3092642017,,,detached,5.0,3.0,0.46749056029320313
588434.7620997904,2477.383375632535,,townhouse,2.0,2.0,0.1889168586403434
665763.9875240966,1731.631525407075,95.0,detached,1.0,1.0,0.6923606639294246
646929.5561836518,1295.9061138224831,110.0,condo,4.0,2.0,0.5398409302331899
462542.74756068684,1305.3112705852564,46.0,condo,4.0,1.0,0.5339423741601305
756144.8285532423,2190.3556726948204,,detached,1.0,2.0,0.14869427148658604
527685.7275955272,2245.952502722065,20.0,condo,1.0,2.0,0.44902187004992516
749700.9057954841,2125.892560983117,109.0,semi,1.0,3.0,0.30452527707974036
401643.7820023852,1400.6941756267834,21.0,condo,1.0,3.0,0.16957654395608793
774487.6315495399,1939.2967938400318,102.0,townhouse,4.0,3.0,0.5653059441406778
586923.6425078335,1870.011485484437,46.0,detached,1.0,1.0,0.1028693428997993
786454.0399989237,1931.2131580374078,115.0,detached,4.0,,0.10571613442356635
693718.7036995915,2322.857266768914,15.0,semi,1.0,1.0,0.34980437920984375
752373.7911674804,1934.1573292648093,55.0,detached,5.0,2.0,0.14403502122468428
811902.1922148294,2207.348137843137,108.0,detached,4.0,3.0,0.1824229865560698
447036.6172045581,1840.5474416933348,5.0,condo,2.0,3.0,0.18086868169909515
494106.66666809336,1973.4716392139906,,condo,3.0,2.0,0.40372653758750904
685283.0662688884,2178.7729355031242,10.0,semi,1.0,1.0,0.620852207120684
375098.13792076195,925.7065080866001,38.0,detached,1.0,2.0,0.3382717590361735
569378.2173098376,1608.1972701856191,46.0,detached,3.0,3.0,0.27500585982478304
370706.2623578125,1517.7764074243228,74.0,condo,1.0,2.0,0.2544206049231639
456435.725924536,1416.673291053995,30.0,semi,4.0,2.0,0.25557774560285085
652558.9668444169,1634.9146492639898,19.0,detached,2.0,2.0,0.35479848272960074
547265.043627808,2696.9647867406375,20.0,semi,1.0,2.0,0.06844286033077579
474578.0512399703,1280.5013305840541,112.0,semi,3.0,1.0,0.203692877699615
680387.6728477487,2380.9670127548884,114.0,townhouse,3.0,3.0,0.11866450626538533
375430.0075842632,790.2781370305172,26.0,semi,4.0,1.0,0.21836924272761976
378982.00206108304,1599.0689820085352,23.0,condo,1.0,3.0,0.32413021823809096
537835.8763165599,1897.6518390630033,6.0,townhouse,3.0,1.0,0.299827875819074
754038.9022553443,2151.733398815567,115.0,condo,5.0,2.0,0.5748492044415168
699037.4172986997,2226.735947875713,84.0,semi,2.0,2.0,0.4210369233217316
572337.3509555913,2276.0083411199553,91.0,townhouse,5.0,2.0,0.03313340512988434
631781.2522096568,1590.7649566509374,34.0,semi,4.0,2.0,0.32892744372963906
671782.943509447,1522.5889244012596,76.0,townhouse,3.0,3.0,0.5082218009520202
693027.7460471035,2314.7855287542925,7.0,townhouse,5.0,1.0,0.38006752822529705
657352.6769203298,1685.217405071031,,semi,5.0,3.0,0.4747322819998906
414814.3549823257,1034.5882059972469,69.0,condo,2.0,3.0,0.3707886279408423
519702.4444134215,1120.0276715979116,39.0,condo,5.0,3.0,0.46797936685216407
400804.541567181,1248.3286283990333,85.0,condo,1.0,1.0,0.31886149959151094
730867.9929396608,2098.2964464322586,77.0,detached,1.0,1.0,0.3078005177914541
621900.03812946,1885.455441642339,52.0,townhouse,1.0,2.0,0.3798045583721282
614549.9233750788,2214.2912124406607,22.0,detached,2.0,1.0,0.18614030129980963
628326.70064816,1543.6484121980795,2.0,detached,5.0,3.0,0.15009074211235976
722690.1504053476,1895.1238146460284,112.0,condo,4.0,3.0,0.29012303414177726
724046.4822375195,2175.354236380402,33.0,detached,4.0,2.0,0.2042497368918171
513152.97457772295,1614.3920761678569,36.0,condo,1.0,3.0,0.4704611224295312
715861.604316654,2074.0651425344467,81.0,semi,3.0,1.0,0.6069404578920043
475965.809734614,1402.8444353600094,30.0,semi,2.0,3.0,0.1260562137348803
552403.9164835918,1582.1676920609568,45.0,detached,3.0,1.0,0.04074480918597317
471182.71394998336,1570.9572636010025,85.0,townhouse,2.0,3.0,0.125007033165925
297871.8423061754,1082.4962126465762,71.0,townhouse,2.0,2.0,0.1815549304329935
733605.8025227295,2092.183488471349,78.0,semi,5.0,2.0,0.5628422804709456
607587.3551513753,1518.3585958783656,0.0,condo,3.0,1.0,0.49010497221182003
442714.6551412943,1807.4964712366125,54.0,semi,3.0,2.0,0.10894758336559121
617003.5288429593,2088.4479953435452,57.0,townhouse,1.0,3.0,0.4311178824223338
555694.1199207902,2067.918705617966,75.0,semi,4.0,3.0,0.19278074066714432
512834.49953290995,2199.2310653836716,,townhouse,3.0,2.0,0.18791856091687548
609534.7271951429,1740.9087092943457,19.0,detached,2.0,1.0,0.17659177096567674
614368.0253085532,1546.0210127735077,91.0,semi,4.0,2.0,0.28079620266981126
539225.3028643962,1752.1690734561605,80.0,townhouse,1.0,3.0,0.3545059054504649
388595.3058658547,787.5993396251821,97.0,townhouse,3.0,1.0,0.2833313738688373
373339.9432858568,931.7325165461476,32.0,semi,5.0,3.0,0.20453254500987011
594376.8616910701,1006.3802325873586,,townhouse,3.0,3.0,0.7436724674741001
447238.35969415464,1201.651903439111,32.0,townhouse,1.0,3.0,0.5250541451448095
615435.0032559177,2039.864536034062,78.0,semi,2.0,2.0,0.4731300010610468
530488.0349057196,1256.7125667839634,,detached,1.0,1.0,0.43521119835255667
599146.38134895,1573.1024675763663,110.0,townhouse,3.0,1.0,0.25776655733677084
544253.2089515297,2579.536978671639,39.0,condo,2.0,3.0,0.20115175621183323
532421.5353928969,1586.2416173631445,96.0,condo,1.0,2.0,0.5513359506408874
646978.4991817285,2242.509341080252,39.0,townhouse,4.0,1.0,0.3857397582622571
295120.73612551845,1239.8293919940738,94.0,condo,1.0,3.0,0.049943767932537166
359431.2122799305,1676.737465279422,54.0,condo,2.0,1.0,0.12337820763522737
615606.7803321066,1229.9867670536512,7.0,townhouse,5.0,3.0,0.4984275052031665
597987.8811899968,1596.5801544596625,,detached,1.0,2.0,0.2278530115392703
705492.0774707217,2304.1848824744375,82.0,townhouse,2.0,2.0,0.4643612359732406
288833.69029227167,763.6077460845908,23.0,townhouse,2.0,1.0,0.24963276640369605
668383.7899935885,2060.6541861275145,33.0,semi,3.0,1.0,0.3830636085753368
480414.17626524833,1942.6413613993668,65.0,condo,2.0,3.0,0.1661926161493903
490138.0671763846,1443.5100265819233,,condo,5.0,2.0,0.3515327672358562
267944.86700757087,932.3652873669273,15.0,semi,1.0,3.0,0.05920236192368741
754718.2632089041,1843.2777046283218,74.0,semi,5.0,3.0,0.4723407251495017
701060.4147437363,1482.3043745617185,82.0,detached,3.0,1.0,0.3760114408509201
663751.555242739,1939.6057268128225,87.0,detached,1.0,2.0,0.41237559913949484
653890.224997021,1813.1112873140657,113.0,semi,1.0,3.0,0.12567216643161522
789946.2048814332,,,semi,1.0,2.0,0.35835646222527734
520624.45745493023,1656.3866235161854,51.0,semi,2.0,2.0,0.2395640190210905
433369.26146715274,1185.901504426881,28.0,detached,2.0,2.0,0.1504264673979908
774212.5335135318,1907.5653809737896,108.0,semi,4.0,3.0,0.32973356408278354
458437.27030736627,1931.9980103830592,64.0,townhouse,2.0,3.0,0.12440022563934963
760893.0910130205,2615.512545144262,11.0,semi,4.0,3.0,0.23460587699351967
443007.88941824704,2301.066747548747,83.0,townhouse,2.0,,0.03951349715539094
600604.6179031384,2014.1226354897055,5.0,semi,2.0,2.0,0.4788729104240685
731439.9661318711,2677.981734731737,32.0,townhouse,2.0,2.0,0.25517767663050234
395429.65480488684,1086.7421674062894,86.0,townhouse,2.0,1.0,0.21724725518404983
540995.7528224566,1416.1490803501513,60.0,condo,5.0,3.0,0.33447356072086754
597534.2411021284,1244.054435156685,91.0,detached,2.0,1.0,0.4552900684957849
348171.49779471866,1566.1141181065393,68.0,condo,2.0,3.0,0.10718207884031851
578834.5798251333,973.9883114662147,101.0,semi,5.0,2.0,0.39499794339108324
743893.9872281257,2181.0905680886426,67.0,detached,4.0,3.0,0.1325631094459444
518844.5213702313,,6.0,townhouse,1.0,3.0,0.33153616850258016
422373.1907441532,917.5162232984053,8.0,detached,5.0,2.0,0.11072937076354403
443875.58594294835,1190.652551275475,,detached,1.0,2.0,0.061642765721612355
422951.7146341674,1988.1083084701172,4.0,condo,1.0,2.0,0.1172317530234234
740967.9607706998,2302.8759407366288,45.0,detached,3.0,2.0,0.1609710511796094
821031.6668058424,2998.038535015072,1.0,townhouse,4.0,1.0,0.3689916254264021
949014.1161649283,,36.0,detached,1.0,1.0,0.21206247521473545
819667.2758172597,2048.645659965598,71.0,detached,4.0,3.0,0.4095538860997781
530360.284819467,1206.2771279808815,20.0,detached,1.0,3.0,0.1972253800235591
292453.9989363212,520.7722315612145,55.0,detached,4.0,1.0,0.1795316268292681
647732.4020299228,1960.6268774063014,119.0,semi,1.0,1.0,0.4705537419372243
432696.8772848173,1312.2353428138044,8.0,semi,3.0,2.0,0.07816855115561164
644434.1107343341,1550.7856438921888,7.0,detached,4.0,3.0,0.2570879032667278
397434.17297190265,1432.7419205641152,32.0,semi,2.0,3.0,0.14303663327419844
726397.0446623912,1715.5254681501688,99.0,semi,4.0,3.0,0.3068809216519683
686247.9178402984,2439.5881384725863,48.0,townhouse,4.0,1.0,0.47633558381707886
507641.4408092615,1894.2291404672067,76.0,condo,4.0,1.0,0.33951927027715867
556666.2469671916,1704.819097776787,4.0,townhouse,2.0,2.0,0.18229412406416706
293492.27093438094,1178.607748304513,88.0,condo,4.0,1.0,0.07945789905146355
468813.1746224941,795.1902331773858,8.0,detached,4.0,2.0,0.2574158497674445
589998.625423892,1508.2152545560016,85.0,detached,2.0,2.0,0.4543581368836427
533747.4337720355,1767.7304695090077,17.0,condo,4.0,3.0,0.23750850821275138
831164.4961601903,2860.7579481479297,103.0,semi,5.0,1.0,0.21653773075981836
590137.0085089599,,35.0,condo,5.0,3.0,0.2514363486266864
785567.9613051527,2389.6437066138346,22.0,semi,4.0,3.0,0.5001587831696954
595643.4094328946,1500.4226408765087,40.0,detached,4.0,3.0,0.08129834340198362
521379.8523394092,1089.0337401497852,0.0,condo,5.0,3.0,0.42616782073493115
429875.11197472457,1220.929942660577,19.0,townhouse,2.0,3.0,0.5643017598379274
510451.68117469514,1364.8643612785481,71.0,condo,4.0,1.0,0.6120273290881079
760618.1388468507,3077.0818394610988,36.0,semi,1.0,2.0,0.31867676563494596
403400.18791707116,1307.1679924653683,42.0,detached,2.0,,0.16622108221736573
754450.5477120366,2303.093522241807,96.0,townhouse,5.0,3.0,0.46774841460299427
440726.8459439534,1258.2436931477841,14.0,detached,2.0,1.0,0.18075117226989035
598274.3723293033,2358.9438077245463,47.0,townhouse,5.0,2.0,0.019748985338690295
654023.5311700583,2030.9705796635178,22.0,semi,3.0,1.0,0.3208475983330259
400704.30154157476,1706.0172614051457,57.0,condo,2.0,1.0,0.22240928054868322
514575.44485651504,1775.5424843187395,39.0,condo,1.0,3.0,0.6294616689170532
362724.260453954,1407.1273827423659,5.0,semi,3.0,1.0,0.13013303232348913
487704.0331268273,2067.643320889248,8.0,condo,3.0,3.0,0.15779724752735738
767051.9131046581,1527.009911795532,102.0,detached,3.0,3.0,0.602134808347755
479804.0465370968,1064.6365417396512,,detached,1.0,3.0,0.23561907054607165
403107.95942006004,1033.2374554082285,93.0,condo,2.0,1.0,0.3506915416262932
631231.9633002995,1903.5527506332717,109.0,townhouse,1.0,1.0,0.4644237885733534
680103.9504681316,2747.454753846261,55.0,semi,2.0,2.0,0.15201250166449243
766277.3530047174,1895.994968144063,,detached,5.0,,0.3574479685810016
605568.9315232784,1728.8170043340704,93.0,semi,1.0,3.0,0.2281685973944332
728313.796079689,1971.4956837615257,117.0,townhouse,4.0,2.0,0.2840404019842641
605475.8301270846,2583.6010450240947,14.0,condo,1.0,1.0,0.4224125443175067
709498.8883965012,1931.6295008183138,115.0,condo,3.0,3.0,0.2662322691596202
782766.2988586875,1553.4436614997578,113.0,semi,5.0,3.0,0.38304310615929565
780410.1549695046,2463.7732260359335,17.0,semi,2.0,2.0,0.35221925037895824
694658.3801041978,2057.253863076968,6.0,detached,1.0,3.0,0.2819178506214718
829146.1562394121,2721.4535951975954,,detached,3.0,3.0,0.18899758971146985
602290.7520883355,1909.9406623331438,,semi,2.0,2.0,0.31082755444579824
455236.04348301585,1065.3185809676997,72.0,townhouse,5.0,1.0,0.2695796966485079
599606.5162715502,979.104480452601,7.0,detached,5.0,,0.25333762378235053
806656.312555143,2790.5567593387495,82.0,semi,4.0,2.0,0.38520000458417974
769529.3322084129,2834.199432469978,27.0,townhouse,4.0,3.0,0.36794851638120335
547461.1023776326,1692.2884720304396,11.0,condo,4.0,3.0,0.2638751108836034
453665.5652521633,1570.0876073184074,7.0,condo,4.0,2.0,0.15537926880415068
727903.8193873477,2676.8665753453215,22.0,semi,3.0,2.0,0.2589031066086032
581312.4068599574,1135.7725907739073,64.0,semi,5.0,2.0,0.4783126415375124
481328.6772828092,1263.1637886265041,9.0,condo,2.0,2.0,0.3516003969945783
722599.0984988619,2185.9960768134265,96.0,townhouse,1.0,2.0,0.4765055961434757
608938.6572652634,,72.0,semi,4.0,2.0,0.6930461415184365
525748.1143884214,1796.9268799679571,35.0,townhouse,4.0,2.0,0.2767838653103981
926111.2763130594,1701.9342608852924,118.0,detached,5.0,3.0,0.3369124034786534
537279.5393749746,2002.5447292793601,79.0,semi,2.0,1.0,0.22473766133803794
853357.2589156319,2644.48911678823,80.0,semi,3.0,1.0,0.6530340237718656
598035.3607561577,1854.3509441410474,20.0,condo,3.0,3.0,0.714003035611256
838510.6288753205,2186.3632759661145,85.0,detached,2.0,3.0,0.25193284659331106
331607.8382126692,569.8967393813865,67.0,condo,4.0,2.0,0.16958111382952662
564783.2753218578,1770.7689588419291,118.0,semi,3.0,2.0,0.16293960130786392
561153.3050390907,1294.0618378242773,57.0,detached,4.0,2.0,0.337353836323143
446673.3080001511,1068.712163745823,81.0,townhouse,3.0,2.0,0.24063765523008832
410589.918308065,1273.1085798427496,40.0,townhouse,2.0,1.0,0.373495784437326
670629.4805796791,1599.5259355795129,4.0,detached,5.0,2.0,0.23623423751992179
805235.4020181606,2349.541525413608,15.0,detached,3.0,1.0,0.26210853596758016
611665.113732718,1004.1643693562615,104.0,detached,4.0,1.0,0.41653601967474546
620084.2566268216,1818.3788955566504,88.0,semi,3.0,,0.4017223293974147
656824.5407121191,1509.498339999853,43.0,detached,2.0,3.0,0.3582889931993938
637294.8353816362,1603.3961433828235,83.0,townhouse,5.0,1.0,0.6201064872448602
807972.6674466869,2401.6546951827627,0.0,detached,2.0,3.0,0.24502180028842738
639025.7877181658,2122.8692622023555,4.0,condo,5.0,2.0,0.27246195326918504
535114.0512895492,2602.438864465646,60.0,condo,3.0,3.0,0.09556836430846179
555232.670893666,1707.2965924500597,74.0,townhouse,1.0,2.0,0.30143549860176233
491863.91452432814,1382.4344329975781,112.0,condo,1.0,3.0,0.22112013535082292
555254.5788892761,1665.6847098717003,91.0,condo,5.0,2.0,0.12718193821563298
687994.1402098986,1945.498074762733,30.0,detached,3.0,3.0,0.4203275211766985
683039.1766358183,1905.9440150722266,97.0,semi,2.0,2.0,0.34280410347808044
433928.66994144506,1149.36715665998,58.0,condo,5.0,2.0,0.7825201300352898
701189.8043713442,1854.2938689767245,99.0,semi,4.0,2.0,0.5859390023447821
529792.1919125644,1936.936998083343,20.0,townhouse,4.0,3.0,0.03949656612967389
835045.1686120614,3310.4844225203524,3.0,condo,4.0,3.0,0.38645668928496735
504258.78836275043,2926.106766769002,6.0,condo,1.0,1.0,0.2454546923864548
495724.05305969727,1288.053989664708,118.0,semi,1.0,3.0,0.05473598925461197
580303.2838681082,1627.5699830704943,9.0,semi,4.0,3.0,0.16060231127039706
497980.5561346288,921.9347988977981,112.0,detached,1.0,3.0,0.24304476962213425
596115.6292311243,,87.0,semi,4.0,2.0,0.6130223193603329
491498.3600859293,1989.3630021542042,17.0,semi,1.0,2.0,0.23218141635308556
728160.7672261014,,103.0,semi,2.0,3.0,0.18269497896042713
412733.99848494196,1362.549697353835,17.0,semi,4.0,2.0,0.05476574733851564
432602.15676500933,1407.512135959322,17.0,condo,4.0,2.0,0.13025632589507186
344340.10180543055,511.6265821568071,69.0,condo,4.0,2.0,0.24284187986141992
534915.7003411793,1702.4004476730554,34.0,townhouse,4.0,2.0,0.378525598350105
367155.3328637368,1162.551352884262,34.0,detached,1.0,1.0,0.08928658229878327
549680.8718394826,1482.3363435803558,23.0,semi,5.0,1.0,0.28029172542921255
430808.36108755926,1273.883533099447,72.0,townhouse,2.0,1.0,0.4139331632024584
483288.805396155,1743.4424674484658,3.0,detached,1.0,2.0,0.10024829965002509
491113.4704254286,745.3629651860213,29.0,semi,5.0,2.0,0.37610305070592087
370950.4716732321,919.7728527654057,66.0,townhouse,1.0,2.0,0.2757686591750083
688272.7814624611,3077.5482672169787,58.0,condo,3.0,3.0,0.23665845333827434
326768.79737807607,1027.5464512355813,83.0,condo,3.0,1.0,0.1773082490307237
448602.14115036227,1141.9286529272163,25.0,semi,4.0,2.0,0.18023332395573044
731623.9408928694,2902.1481169927883,77.0,semi,1.0,1.0,0.5413229128319961
852374.6960181389,3543.040301544244,,semi,1.0,1.0,0.3297648510465622
467019.197072227,1097.060022704795,46.0,townhouse,3.0,2.0,0.6086222447154349
558032.61331021,1579.0506259271817,30.0,semi,3.0,1.0,0.3495955686110265
509101.7666009379,2004.9333305643058,66.0,semi,4.0,1.0,0.14883937426044813
964791.9806535931,2837.2185866433556,69.0,detached,4.0,3.0,0.46264143080604053
481502.49303970067,1207.8857529430575,11.0,semi,1.0,3.0,0.40649738514999184
768646.8492807833,1652.8332924347342,67.0,detached,5.0,1.0,0.5706100154358968
576180.9271654914,2266.4025456370464,18.0,townhouse,3.0,1.0,0.29872796727188006
629288.6851403312,2060.859644679971,68.0,condo,5.0,1.0,0.5544867135367606
574383.7018663925,1574.3063572619405,111.0,condo,5.0,2.0,0.16770018648058552
465705.75484898017,1719.7062212903754,64.0,semi,1.0,3.0,0.13835708814309497
458379.95732443297,975.0625149780109,91.0,condo,3.0,1.0,0.3914012299335162
357255.1961878762,1657.095753615201,37.0,condo,3.0,1.0,0.18869889521158234
679261.0631210795,1640.167505994627,110.0,semi,3.0,2.0,0.5417061427023524
537706.1428146625,1939.3019337757535,97.0,condo,2.0,3.0,0.09838268194740667
590909.4360891322,1466.8036687085903,110.0,semi,3.0,2.0,0.09603869592885188
598263.2791705498,2082.9231135270834,88.0,condo,3.0,3.0,0.21119496354774225
610073.9788959612,2407.629490691897,77.0,semi,1.0,2.0,0.08132862441991269
499453.6610407825,,63.0,semi,2.0,1.0,0.30331136285386184
695452.5408454217,2011.053845039522,111.0,detached,1.0,2.0,0.1915102301431076
529143.0432604135,1831.8932085467204,101.0,condo,5.0,3.0,0.08216483453979838
564976.9897133665,1800.0506358548485,50.0,semi,4.0,2.0,0.0193196634609216
350295.0421349911,1367.0651798742915,10.0,condo,2.0,1.0,0.18124280108086188
589166.0611634932,1989.8965570039848,0.0,detached,2.0,1.0,0.006147114984796637
433677.3530324628,1741.6280409519063,28.0,townhouse,1.0,2.0,0.1531788943787405
847487.7822644113,,7.0,semi,2.0,2.0,0.3726029833805014
834963.5479288578,2744.0129414851453,25.0,semi,5.0,2.0,0.38032886113859676
688123.6723122746,2031.5079315339005,13.0,detached,1.0,2.0,0.47355978313234387
520340.41760715446,1342.1656741831396,117.0,detached,1.0,2.0,0.25236972836121613
614875.607720125,1132.5531168099492,11.0,semi,5.0,2.0,0.40487032845202103
594674.815193438,2514.6857718533192,75.0,semi,3.0,1.0,0.09060101674729135
399069.7754219628,1957.649535088283,42.0,condo,1.0,2.0,0.31274322376476804
692462.8846563536,2088.0860420349663,20.0,semi,3.0,2.0,0.3865059687610562
476090.21418716473,753.2484078154844,84.0,detached,4.0,3.0,0.1779734521562002
867145.5185849258,2356.4630889349087,116.0,semi,2.0,3.0,0.4145335114062146
640802.9126358507,2072.652202928618,94.0,townhouse,2.0,2.0,0.2371026404762218
543825.4958428794,1133.7415893513132,117.0,semi,4.0,1.0,0.2573231455158791
292944.9536665519,1517.0851155300306,70.0,condo,3.0,1.0,0.042055205901087474
701488.3709806761,1958.2303226139118,,semi,5.0,1.0,0.41778048726295175
584701.0744589037,1831.4800790137463,17.0,townhouse,2.0,1.0,0.4277304507494912
596141.0651791506,1624.697288517867,102.0,detached,2.0,3.0,0.22775990873297702
691533.4139204276,1737.9070391604234,89.0,detached,1.0,1.0,0.48676119964112613
450750.2990180455,1648.8135730758688,,condo,4.0,1.0,0.14363216278601237
675138.1693460372,1891.537507261481,42.0,semi,3.0,2.0,0.43469129494917974
700599.8919675865,2682.8951837958944,73.0,semi,2.0,1.0,0.18390132667180187
458735.0157877285,400.0,1.0,townhouse,4.0,3.0,0.3980153826571246
525804.846118212,1657.8898412941894,98.0,detached,2.0,3.0,0.14542501572876074
530412.0247708353,1905.9074528234682,33.0,townhouse,1.0,3.0,0.16350642179325892
542163.5409834078,1977.5963938122597,8.0,semi,3.0,2.0,0.07225298286145271
636933.5646560253,1576.8512512072261,,detached,3.0,2.0,0.2053686733230948
454404.9266096789,745.9669305128505,100.0,semi,3.0,2.0,0.6170530400468528
418278.11474085646,1996.7972902284657,32.0,semi,3.0,1.0,0.06561144601868756
915926.7939274082,2836.410128498511,64.0,detached,5.0,2.0,0.05499954257322737
460116.0901703951,879.6831570503174,97.0,townhouse,2.0,3.0,0.5047621553744802
639607.7935772742,2318.296808218913,4.0,townhouse,2.0,1.0,0.4764684678644051
574932.685507957,1602.8848661262637,91.0,semi,3.0,1.0,0.2201637266379774
351785.8717208248,1763.2053925026917,34.0,condo,1.0,2.0,0.056677284433070324
398941.3957487195,,83.0,townhouse,1.0,2.0,0.14356755395456497
453650.49357768527,1599.326296586474,22.0,condo,3.0,3.0,0.18491096663052628
823579.4160403594,2580.026756819375,16.0,detached,3.0,3.0,0.2598963068037861
663713.7380780688,2149.5931451926244,94.0,condo,4.0,3.0,0.2634275447984425
712148.565769376,2839.3869632459664,96.0,semi,1.0,2.0,0.08630230258264214
817934.3509293657,2506.4471333866163,117.0,townhouse,5.0,3.0,0.4878277524210892
570711.2842838094,2063.4520073577455,81.0,condo,3.0,1.0,0.21424308560761082
566469.4254872211,2846.3607157006754,55.0,semi,1.0,2.0,0.16515927705077993
573999.7223835569,2063.3958952429793,23.0,semi,2.0,1.0,0.15745982302907727
640049.4838532322,,35.0,detached,2.0,3.0,0.06880460292885923
612280.8382731252,1622.057427879175,77.0,townhouse,3.0,2.0,0.4809146074721932
421998.51969961065,1839.927489515523,41.0,condo,3.0,2.0,0.09312484634500741
468551.11562486005,,58.0,semi,3.0,1.0,0.23266031744132423
891901.4288409451,2393.750360756912,20.0,detached,3.0,3.0,0.44180135189554126
391403.5084206627,1093.0178261310807,52.0,semi,5.0,2.0,0.0724884301638281
747766.8410224917,2269.410205450597,28.0,semi,5.0,3.0,0.24264774499547462
579879.0515171685,1685.6093654969043,13.0,condo,3.0,2.0,0.2826193879955043
797028.2095976404,2502.7482560803915,15.0,detached,5.0,,0.23042975297830337
610732.8638589786,2250.521393238756,62.0,semi,5.0,2.0,0.33050007979119655
672676.9309921535,2892.387694588081,43.0,townhouse,5.0,2.0,0.14346876045121193
696366.8546065204,2238.464814683187,11.0,detached,2.0,1.0,0.2174412142052002
364636.8520665941,856.7758466080556,61.0,condo,3.0,1.0,0.3728935971829428
473064.65628641465,1759.8280962610795,19.0,condo,2.0,3.0,0.3419979291106977
442746.4011148446,1096.7956844431105,1.0,semi,1.0,2.0,0.22098525259620483
404055.37066883704,1489.0320945802353,15.0,townhouse,1.0,2.0,0.3060952276417358
574171.592265641,,53.0,condo,4.0,2.0,0.11104381058621159
756617.2034312094,2182.5202865386177,114.0,townhouse,3.0,3.0,0.28193526032296334
608426.7238988928,1380.6417428527523,29.0,detached,5.0,1.0,0.25396546907850626
580972.5946019213,1191.7695801357606,34.0,detached,4.0,2.0,0.7464343290038182
455863.8744947536,1819.6692557257566,29.0,semi,1.0,1.0,0.08295266619593507
575909.2231368276,1070.0639103713233,42.0,detached,5.0,1.0,0.42879147196775785
548181.8765136299,1397.3158335620512,,semi,3.0,1.0,0.37063427482922845
462265.79082787636,1987.2056829307462,38.0,townhouse,3.0,2.0,0.04596287704383176
742933.5878162002,2493.1872216640177,78.0,townhouse,5.0,2.0,0.26889056533399747
956578.1495209867,2165.256883334664,,detached,4.0,2.0,0.4845218111084939
360881.3656447105,425.22629484114003,113.0,detached,1.0,3.0,0.2954428851360121
717824.7253871256,,67.0,detached,1.0,2.0,0.5175483064909647
616375.6308238195,1843.2201439395467,85.0,semi,3.0,2.0,0.36736920316058347
600864.1291189422,2048.334171223616,110.0,condo,1.0,3.0,0.23744373191417031
657410.5270194986,2769.7258089907245,94.0,semi,1.0,2.0,0.022159246192493903
416620.21187448484,562.0570339171543,35.0,semi,4.0,3.0,0.40618112488121716
426920.88210043876,1445.3379448853366,15.0,townhouse,1.0,1.0,0.3761966184741876
795217.0041823802,2154.5437936760127,13.0,detached,1.0,,0.6428624632557398
600397.582325387,851.0433603276346,105.0,detached,3.0,3.0,0.5318111675018803
846108.4286865711,2685.569428832105,66.0,detached,1.0,2.0,0.19101685688199424
637445.740613817,2021.013967620395,35.0,townhouse,2.0,1.0,0.40897891376956
768828.5859431607,2307.9503915060423,41.0,semi,5.0,2.0,0.30211218450933436
484334.9594131422,1457.4338030869233,33.0,townhouse,4.0,3.0,0.17478909515465463
794857.821988958,2288.2582139797264,96.0,townhouse,5.0,2.0,0.2647868659739844
701742.2813800694,2441.082933593423,73.0,semi,2.0,1.0,0.33068380151099297
540097.9549766582,1939.726812082301,105.0,condo,4.0,1.0,0.1782024913279482
494139.609497161,1940.6405356192176,36.0,condo,2.0,2.0,0.39589990914837925
674431.6693144107,1962.2059435690355,56.0,detached,2.0,3.0,0.2800405738981606
434958.3830726641,1281.992841156371,14.0,condo,1.0,2.0,0.5369820431747213
848346.4928876108,1711.4827918557883,116.0,detached,5.0,3.0,0.25626588636258835
471621.3477904584,1708.4864805285847,61.0,detached,1.0,3.0,0.08994199982567165
540223.6940822552,2030.0363186120971,66.0,townhouse,2.0,,0.3247057306063392
827591.4596181856,2399.894548146177,49.0,detached,3.0,1.0,0.38125958288623574
468385.73703860334,1164.8783508129545,32.0,semi,3.0,3.0,0.1947739022655988
747373.0266678631,1724.9945818082533,113.0,detached,2.0,2.0,0.30163340676801637
665585.8209558935,2688.873328595384,58.0,semi,2.0,3.0,0.11484735285645413
376542.91166021675,1353.8470627124616,80.0,condo,2.0,3.0,0.21444807144378178
413204.22946476087,1306.6499896258078,4.0,condo,5.0,2.0,0.16842356060568298
663945.0385452561,1921.383715098716,33.0,detached,3.0,1.0,0.2506412100945355
789419.6253720673,2306.6311142911923,96.0,townhouse,5.0,3.0,0.3354570019142997
703101.8835268695,1806.8556333363956,10.0,semi,5.0,2.0,0.6202782539966126
609894.6742590658,2597.3763542621937,12.0,semi,4.0,1.0,0.07696337817201293
756867.1455488108,,97.0,townhouse,5.0,2.0,0.6712258585479886
533950.6266685015,2305.0920401340372,37.0,condo,1.0,1.0,0.2401955818291997
638051.9460643576,2132.469900794456,32.0,semi,5.0,1.0,0.16038921353914526
1036164.3394538556,3196.591860207651,67.0,detached,3.0,2.0,0.49455551238480117
514691.13144035905,1676.9029866803735,23.0,condo,4.0,2.0,0.5470968709034669
339582.7249152216,597.8866247600916,5.0,condo,2.0,2.0,0.6069991310602684
801402.589472364,2762.5526169102845,0.0,semi,1.0,3.0,0.6017031392303573
460581.4437574757,1525.3803414259046,9.0,townhouse,5.0,2.0,0.05973515670197355
572837.0102658473,1864.7282666058197,19.0,condo,3.0,3.0,0.34456863892866757
687877.7541156595,2585.730410916316,83.0,townhouse,1.0,3.0,0.3003692686507166
476145.61239654146,838.6442753646448,35.0,semi,4.0,3.0,0.4639829055763285
312090.12018740416,,,condo,1.0,1.0,0.258851917562462
516232.998754965,839.2332377286878,1.0,condo,3.0,3.0,0.35480019036360644
382025.57135080063,1323.5182259847456,,townhouse,4.0,1.0,0.1423184280751722
823485.5387969669,2063.7819636101963,100.0,detached,4.0,2.0,0.44769509941036356
431287.1228145184,2114.5127056876627,40.0,semi,3.0,2.0,0.016786106596429234
485774.6739992423,1965.7645075971323,7.0,townhouse,2.0,1.0,0.18592036131037207
418183.62005338096,952.3404696645802,27.0,semi,5.0,1.0,0.122914500636621
270853.11434588337,413.9379380204136,59.0,townhouse,1.0,3.0,0.32044528366238634
469269.3345784389,1832.6121512342293,22.0,townhouse,1.0,3.0,0.07333794075794424
574371.6924046864,1516.9343798169984,117.0,detached,1.0,1.0,0.10362151958316417
673837.2185499799,2075.631463029967,,townhouse,5.0,2.0,0.16534222309473717
583999.8520935415,2221.172175732762,41.0,townhouse,3.0,1.0,0.37483181564790696
760351.6634850209,1882.9448592352092,114.0,detached,1.0,3.0,0.3288151285127298
586946.6452539138,2256.0798512255124,,townhouse,1.0,,0.3032451270493472
541136.8545215633,1937.526824469041,16.0,townhouse,1.0,3.0,0.24227424775327475
944019.7187553245,2118.03882336088,112.0,detached,5.0,2.0,0.5513285202679539
556640.753820421,1377.1960422780705,115.0,townhouse,3.0,1.0,0.22433385806751543
565373.7394588559,1692.2331517011248,37.0,semi,1.0,1.0,0.4938279356295961
467550.93360074086,1918.0656579941744,71.0,semi,2.0,1.0,0.1670737335215334
674292.7239792078,2292.3170852504513,20.0,townhouse,4.0,3.0,0.34606258841472415
555503.4716793632,1563.7552966652568,76.0,detached,3.0,1.0,0.17892767357133774
873050.5961860712,,82.0,detached,5.0,3.0,0.46799288204758155
611780.9826586631,1640.4967248507726,85.0,semi,1.0,3.0,0.3889694491956179
459220.58032379305,1729.4746996031217,68.0,condo,1.0,1.0,0.5130378507092311
637753.848104622,2297.711425214444,84.0,detached,1.0,3.0,0.13399027738070624
279156.3114868335,604.1637773675064,66.0,condo,2.0,3.0,0.19383306536741138
481341.9159859673,1022.1166031551434,98.0,detached,4.0,2.0,0.1533859792146235
358247.02910388756,910.6887615343076,21.0,semi,4.0,2.0,0.06782994586031205
218407.75205817568,400.0,58.0,semi,2.0,1.0,0.10052726959603948
442288.5844528428,1393.041335906894,49.0,semi,4.0,2.0,0.2767792999435472
745465.5581256207,2249.660339836644,64.0,detached,4.0,3.0,0.177550270632701
440770.32804127026,1629.0695601704551,17.0,condo,1.0,2.0,0.27390245028562554
512726.97430300846,1918.6740491651112,38.0,semi,4.0,1.0,0.19498851969201456
672879.2447938591,2453.5304980264755,114.0,condo,3.0,2.0,0.16512130461730953
699407.2781386784,2596.6116793606147,12.0,townhouse,1.0,3.0,0.31129639276669324
449877.61719504936,1758.5172391643164,76.0,townhouse,2.0,1.0,0.1619747902808307
723920.6501211248,2612.1515337416386,79.0,semi,4.0,3.0,0.18356508518946496
362697.16058644105,1855.2759950604654,56.0,townhouse,4.0,1.0,0.08226044152653253
381164.84970360814,1297.5610657035227,,condo,2.0,1.0,0.15560527662446402
600953.0511083942,1443.3597886807588,4.0,condo,4.0,2.0,0.35151253036250424
456248.4124228579,911.6780924609902,33.0,condo,2.0,2.0,0.42415887100891314
601562.2582397183,1267.1196877598086,12.0,detached,3.0,3.0,0.3615611233941836
456332.4037694503,1585.1899871553426,11.0,townhouse,1.0,1.0,0.4681336482089332
620769.8394311665,2282.151011627161,,semi,5.0,1.0,0.046745674733384694
642850.0527482978,2832.46189869959,22.0,condo,5.0,2.0,0.19606155740083947
356423.73642388516,970.691090773776,100.0,condo,1.0,3.0,0.11408785215966886
525963.1565713575,2035.6964809559513,76.0,condo,3.0,3.0,0.16647025369979557
454329.6715917126,1175.6736365054794,3.0,detached,4.0,2.0,0.03219918096921585
652691.7467535636,2084.8182530779213,75.0,semi,3.0,3.0,0.1492100074658129
552513.7888217075,1721.348009587364,16.0,townhouse,2.0,3.0,0.2365283560273788
412948.2912753441,701.4565044914818,50.0,townhouse,5.0,3.0,0.3064697586888108
694278.322113517,2356.978194941091,4.0,semi,2.0,3.0,0.3663338017661592
414542.49724875565,1436.9995723147613,10.0,detached,2.0,2.0,0.142348755708417
638684.1934611356,1479.6598569758673,15.0,detached,2.0,3.0,0.49471138575760737
471117.05996681325,1158.148553226186,52.0,townhouse,5.0,1.0,0.5646763783460078
571032.6962902149,1407.4300339874667,,semi,3.0,2.0,0.6180923466457132
704652.8341209757,2056.7342644169503,42.0,semi,4.0,3.0,0.561713096657547
509046.4240689139,1686.4533954381566,74.0,condo,5.0,1.0,0.25057208345785864
816853.459460268,1997.1972013694885,86.0,detached,5.0,2.0,0.2274745156217534
554938.600617822,2017.153112357306,87.0,condo,5.0,3.0,0.09084710105505522
802017.9401441137,2592.3969933169,69.0,semi,5.0,1.0,0.3959431413325833
608779.1535478048,1594.3283094813723,65.0,condo,5.0,3.0,0.27703786156257076
499593.58343422884,913.8853098925609,58.0,condo,5.0,2.0,0.5865519937715634
605706.8575458183,2440.33344994319,28.0,townhouse,4.0,3.0,0.1548793416078528
490385.7449887017,1601.1070967416472,58.0,semi,1.0,2.0,0.29610658989993666
790390.872369303,2468.755466746426,1.0,detached,1.0,1.0,0.22067136954518402
876352.6044552022,2030.0262679094822,115.0,detached,4.0,3.0,0.2437632657385834
435011.423775922,1721.317481877993,44.0,condo,2.0,1.0,0.6158013004729439
750676.603170174,2009.265536427777,90.0,detached,5.0,1.0,0.1079447680326232
988418.295368792,2970.6075360757795,114.0,semi,5.0,3.0,0.20290691602123334
880852.5283482879,3046.188317432252,59.0,semi,4.0,3.0,0.24021064918229543
708701.2236817693,1841.6286810796673,103.0,townhouse,4.0,1.0,0.3178322992604279
498478.88081252575,1896.1143559902453,57.0,condo,2.0,,0.13887516966516586
733635.4907891353,2445.7440944798313,15.0,townhouse,3.0,1.0,0.37624215785430576
469036.2362972843,,3.0,condo,5.0,1.0,0.21630212316807823
685994.9295389362,1999.8422235709531,16.0,townhouse,5.0,3.0,0.453177570528692
473499.84442889626,1784.4822912276861,113.0,semi,2.0,1.0,0.0811864627628387
632411.0675681939,1988.3449268745321,57.0,detached,5.0,2.0,0.024633057110851134
560253.0717507496,1299.9787164303566,38.0,detached,3.0,,0.20928949730192342
482040.0964676914,846.2595040146186,53.0,semi,5.0,3.0,0.3015273552792158
211328.53163765784,556.209938405225,30.0,detached,3.0,2.0,0.1000063911675057
615459.650985059,,104.0,semi,4.0,3.0,0.4201327610996455
680307.2480266076,1524.7948290364002,119.0,semi,1.0,2.0,0.4218823808446338
400147.14017080935,1624.0850480107429,10.0,semi,2.0,1.0,0.11094272808997127
687870.4011773982,2962.33869745771,86.0,condo,4.0,1.0,0.24333402027490203
582493.0290635754,2463.5960219443787,40.0,condo,5.0,3.0,0.1136891604749819
509972.17518930044,1222.7453301950236,5.0,townhouse,1.0,3.0,0.3607437439164363
730973.0664791492,2008.625071470574,110.0,detached,1.0,2.0,0.06944431824404981
489312.40105152276,1555.753058189805,7.0,semi,4.0,3.0,0.0857012448179925
460980.453690481,1629.381697175943,24.0,townhouse,3.0,3.0,0.12119129622638834
635768.8200824304,1911.1953896492291,3.0,townhouse,5.0,,0.26419052566427914
526642.2130585066,2171.502670185236,56.0,semi,1.0,1.0,0.11331635691286435
605350.144803598,1596.4449096695907,71.0,semi,2.0,3.0,0.36645039275410773
749431.342457507,2438.310919640615,38.0,semi,1.0,3.0,0.37214968016584826
409548.1963809392,1114.8370643145577,8.0,townhouse,4.0,1.0,0.5767534774534626
732121.0435447205,1803.803437417361,13.0,detached,5.0,3.0,0.19516379601805595
819235.3152076454,3358.6042359574994,112.0,townhouse,1.0,1.0,0.2354546207243588
799572.7681552449,1933.8478455751651,96.0,detached,2.0,3.0,0.5238451816669903
624383.7506629712,2659.928703963704,112.0,townhouse,5.0,2.0,0.05647632091221229
412870.16863208683,1854.912106903925,63.0,condo,1.0,3.0,0.15204238409340154
692412.3724289779,2148.466257197878,65.0,townhouse,5.0,3.0,0.5014312890983698
759326.5133814822,1765.9300833643852,94.0,semi,5.0,2.0,0.29944775615019786
409124.90636656544,1697.7554513014773,,condo,1.0,1.0,0.19900132555012287
300386.4906378889,1332.3105619647483,52.0,townhouse,1.0,3.0,0.08646392827415506
528436.092422193,2058.180815374532,,semi,4.0,2.0,0.1904351774416772
442310.83439107664,,58.0,detached,1.0,2.0,0.1032893816509013
837765.5189737426,2199.3511417880577,7.0,detached,3.0,1.0,0.43987994550160875
742141.0008409816,2451.172202667546,23.0,detached,1.0,1.0,0.2745828176394169
763844.5924346684,2019.918844342338,88.0,detached,3.0,2.0,0.21928167217815653
570795.7226723975,1628.250759866585,104.0,townhouse,2.0,2.0,0.32082329099533974
583060.5166266072,2072.3793475852176,12.0,townhouse,4.0,2.0,0.11640057537553142
580103.0319171483,,11.0,condo,5.0,2.0,0.29578525394446803
565177.9280067524,2361.3282752790897,10.0,townhouse,3.0,3.0,0.2102396888244914
421334.9871579005,,94.0,condo,4.0,3.0,0.3975695369503245
600165.3148102298,1598.6355791288122,37.0,townhouse,4.0,2.0,0.259157096668327
467936.02253075707,605.5128029256014,39.0,semi,5.0,3.0,0.3030935084552029
395511.7135473762,902.9635018636769,1.0,townhouse,2.0,2.0,0.5836005883373108
622547.9404491772,,116.0,semi,2.0,2.0,0.016546572598257467
552376.7600983427,2337.1109891830115,52.0,semi,2.0,2.0,0.06680370107337752
483681.2128983547,1368.3118600291257,95.0,semi,4.0,3.0,0.12166510586194312
334079.8900760644,898.4979263754618,84.0,townhouse,5.0,1.0,0.059398387392734196
236301.84563219137,400.0,17.0,semi,2.0,2.0,0.15051147873175624
348439.91819142364,1473.9026952404192,96.0,townhouse,1.0,1.0,0.03356369115221126
688273.4327827696,3252.2490073484414,66.0,condo,4.0,2.0,0.11985922447327582
786138.0429135477,2060.9305628781885,72.0,semi,3.0,3.0,0.4599008294032237
395726.02489520214,1464.2566283703063,24.0,semi,2.0,2.0,0.11067567796331555
619921.7761370733,2079.048125700184,101.0,semi,1.0,1.0,0.3494761854049412
601440.0528573313,863.4249882033342,111.0,condo,5.0,3.0,0.5346719559735756
756395.8531454201,,48.0,detached,5.0,3.0,0.26761353736601434
416293.21671694133,1859.6864838094432,,condo,4.0,2.0,0.06476206909600196
697888.3925656859,1748.3396089073708,101.0,semi,3.0,1.0,0.38069167262379455
499259.5345630618,2274.4836730140482,106.0,condo,2.0,2.0,0.10060995890855251
504410.7853361129,2006.7871357416313,60.0,condo,3.0,3.0,0.19107046624790341
514583.60030199,2200.995610864798,69.0,condo,1.0,2.0,0.5648730302070669
288233.8018130737,1386.9766306615443,26.0,condo,2.0,1.0,0.0701874382479156
809542.6747122031,2338.689245046329,8.0,detached,3.0,1.0,0.3336206831672221
822691.0311521394,2777.3621685743947,113.0,townhouse,3.0,3.0,0.23132182100690504
546701.1391091138,1217.9102882091524,57.0,detached,1.0,2.0,0.247576074174156
475264.0530523815,1267.3826065712642,32.0,semi,5.0,3.0,0.15423307674153527
831502.8113370569,2601.47060179214,83.0,detached,2.0,2.0,0.49553954845624665
526039.207677724,1685.1936079829638,3.0,townhouse,3.0,1.0,0.29125911143847977
740931.2529883768,2642.292835239934,9.0,townhouse,3.0,2.0,0.41378495693674094
409007.5832516492,1534.4785728646896,29.0,townhouse,3.0,3.0,0.061771422530591945
768291.4925048802,2673.0273457624266,54.0,detached,5.0,2.0,0.011368202090652318
718543.8041005684,,44.0,semi,4.0,2.0,0.41545396203296775
622252.0279350416,1954.9372939936172,22.0,townhouse,5.0,2.0,0.2799278320471875
477383.50649853144,2738.8308130019427,42.0,condo,2.0,2.0,0.06676442537903717
415852.9535368127,1582.9377135334973,40.0,condo,2.0,1.0,0.36833963656441354
508201.92441339424,1235.326742445025,62.0,detached,3.0,1.0,0.4716895534052744
497516.7344457762,1530.8614751829873,67.0,semi,3.0,1.0,0.1875388468649835
867146.0582131511,2071.4003703858834,,detached,2.0,3.0,0.4400489304405396
431519.2004157087,,96.0,condo,3.0,2.0,0.47215078757290446
672623.8774013431,2182.482541590673,35.0,detached,1.0,3.0,0.175508684728171
570270.0755893991,1476.7372094293542,108.0,condo,3.0,1.0,0.4817024639999942
803148.8591778142,2488.687596440138,62.0,detached,4.0,1.0,0.2539510001292547
373228.79270109866,400.0,22.0,detached,3.0,3.0,0.43809458382008293
555053.6850347195,1328.0605349374987,40.0,condo,5.0,3.0,0.5987249636435847
397142.5495429454,788.1191092595388,89.0,semi,5.0,2.0,0.10982237665318578
513385.467360246,1304.2623201816284,,semi,5.0,1.0,0.16428678979283332
531771.6154347935,1948.5995406653658,44.0,townhouse,1.0,3.0,0.63470366066077
579231.4725005032,1692.464024730147,18.0,semi,5.0,1.0,0.23706353517399814
542014.0015305522,1647.973458631191,23.0,townhouse,2.0,2.0,0.31409733832689535
584489.3900800673,1704.4890771719636,12.0,semi,3.0,2.0,0.27107994541618796
570748.85185269,1922.032944371966,83.0,semi,3.0,3.0,0.12130709853389694
489642.7806312815,1194.8783748341355,60.0,semi,2.0,1.0,0.4422580041515041
873675.7651646128,2224.1097845394306,54.0,detached,5.0,1.0,0.33519954339316005
707410.5888255375,2197.5995822312902,80.0,semi,4.0,1.0,0.27164043546457306
590705.8433713849,2031.0227625936607,99.0,townhouse,5.0,1.0,0.0876962741618575
804747.0152536423,2133.920065650758,95.0,detached,5.0,2.0,0.12024480230904733
699804.8254317271,1977.8508004851958,16.0,detached,3.0,3.0,0.20487042070067368
808340.0897148197,3021.0439816386406,70.0,townhouse,4.0,1.0,0.5326283845489591
689506.254805096,1747.743497368494,105.0,semi,3.0,2.0,0.5674648077796451
579871.5048953413,1615.750068999254,92.0,detached,3.0,1.0,0.22642490970313664
371139.67114882206,1347.8834517855732,39.0,townhouse,4.0,1.0,0.06305545152898019
467432.47235330055,,47.0,condo,4.0,3.0,0.2943955265180089
591162.7520261273,1053.3169274393547,106.0,detached,5.0,1.0,0.2395106972191389
681016.8869688854,1266.721612061449,3.0,detached,4.0,2.0,0.4023636001428136
643206.3905702783,1757.5917710087572,,semi,4.0,3.0,0.4577837943822706
507800.1022837594,,13.0,townhouse,5.0,3.0,0.13042747145526126
571032.4637460863,1830.685235131297,107.0,detached,1.0,1.0,0.07560219782122307
459868.62212228903,,4.0,condo,4.0,2.0,0.41193780815777276
739936.6639558738,2340.1107384119778,,semi,2.0,3.0,0.3484819081923345
743272.8444311363,2243.6476033805684,39.0,detached,3.0,2.0,0.29419710004521243
409926.6036984625,1704.21101554679,24.0,condo,4.0,1.0,0.04907857602400004
540440.7215079269,1408.2503132011727,59.0,detached,2.0,1.0,0.19152383269676448
704146.6511018892,2129.0567524978796,35.0,detached,5.0,3.0,0.13575990281982317
429355.03821681236,1912.7841524916628,42.0,condo,3.0,3.0,0.15058801959085252
315130.5832659566,931.1236443509714,67.0,townhouse,2.0,1.0,0.13327217399142005
596516.9335226105,1759.2118464093571,67.0,semi,2.0,1.0,0.31709335164763647
450740.87720352144,1957.2214872446286,112.0,townhouse,3.0,1.0,0.04624985879413993
517042.45431583025,1260.1831281073478,57.0,townhouse,5.0,1.0,0.3375871344746308
378462.9208082537,1913.9060357024657,67.0,townhouse,1.0,3.0,0.13688772704137953
454766.9180196614,927.1065088453265,81.0,detached,3.0,3.0,0.18942378193843487
795836.360749788,2601.7116600073027,20.0,townhouse,5.0,1.0,0.49828011439463604
833940.6195358126,2548.769991035659,80.0,semi,3.0,3.0,0.17036800329509444
522676.1877247609,1648.4895994182211,103.0,condo,3.0,3.0,0.19242261631064772
449773.0492640366,2018.0726027034439,38.0,townhouse,2.0,2.0,0.18319731206983658
341308.0486734825,400.0,21.0,detached,1.0,3.0,0.5474402401701808
331890.24955947243,1106.1914038408004,41.0,condo,4.0,1.0,0.13278384234170149
594801.260287348,1623.7326479087221,33.0,semi,5.0,3.0,0.2941964963156034
354149.5146444605,1156.7201871438845,70.0,semi,3.0,,0.1362507189160158
556825.8017337344,2228.637889578395,103.0,condo,3.0,3.0,0.12301255612461955
522655.83589405654,2998.377918448796,,condo,1.0,2.0,0.0604198946533298
373916.65197324345,1094.0311683424188,,condo,5.0,1.0,0.15742446621545853
375403.78170222894,1297.5219575488843,37.0,townhouse,5.0,3.0,0.06339196481536637
528363.8527287054,1941.2690209859582,82.0,condo,5.0,3.0,0.15524187220065033
718730.8883213275,2766.6696890997723,39.0,detached,2.0,2.0,0.042807297920397315
404257.2155637786,1066.575412476058,,townhouse,4.0,1.0,0.2880206384982206
632591.6157116608,1949.4216733841652,83.0,semi,3.0,1.0,0.3846773848516447
783015.8628430899,2892.779310487865,39.0,semi,2.0,3.0,0.25745245553244844
298083.38738128805,808.9445110924396,77.0,detached,2.0,1.0,0.05762031953630529
390973.6315318762,1031.3584758925008,47.0,detached,2.0,3.0,0.22870196048861935
471114.64301878907,1545.836036123497,16.0,semi,3.0,2.0,0.05528344798759856
340763.3168356534,1487.6469522867533,44.0,condo,1.0,,0.09772318268500604
637232.8867699152,2287.5607726521866,52.0,townhouse,4.0,3.0,0.3918457751923172
578648.9590263787,1944.9958318925028,0.0,semi,3.0,3.0,0.14122952734153082
444541.09761931637,,107.0,semi,5.0,1.0,0.21011420032572387
664395.8384114592,2109.2462417404863,63.0,townhouse,2.0,3.0,0.5528293042621902
404112.54764184717,1453.4766675866097,4.0,detached,1.0,1.0,0.029279171909752114
780114.3052207856,2564.6683301647436,104.0,townhouse,2.0,3.0,0.4670834621268814
616883.0046724688,1423.4474781378483,102.0,townhouse,5.0,1.0,0.39513276075867887
599961.7507238067,1418.0308301386585,1.0,detached,2.0,3.0,0.5114387435739747
627511.0928585411,2124.678966482719,19.0,townhouse,4.0,1.0,0.20820996554481264
733142.2416381002,2257.7558894021618,43.0,townhouse,5.0,2.0,0.5580200795609308
435590.8256901313,,60.0,townhouse,2.0,2.0,0.09193719233937267
521055.77337894024,788.6416095691151,87.0,semi,4.0,3.0,0.3849899593575623
592389.3849378442,2122.8206639569507,50.0,townhouse,2.0,1.0,0.3039365294144073
242444.3480491311,1179.4151689953605,73.0,condo,2.0,,0.009227193357085382
698866.2570173318,1941.1656669529582,1.0,detached,2.0,2.0,0.12937480994707734
566503.5553735087,945.7593387605639,79.0,townhouse,4.0,1.0,0.3218994355362697
784165.972876496,2067.7932885258383,109.0,townhouse,5.0,3.0,0.4253549669056846
444750.4603738823,1316.0406574155766,63.0,semi,2.0,,0.7396797112388273
439182.6126188564,1030.419209843687,,semi,2.0,3.0,0.4478501561025733
494662.9431429269,2228.2920818894395,35.0,condo,5.0,2.0,0.24371413391300636
680835.0101921503,1944.9867130060509,114.0,semi,3.0,3.0,0.06569084009058586
349376.9676868376,1431.6139191642617,3.0,townhouse,3.0,1.0,0.03936156122138152
916278.7081037934,2670.7073094126386,,detached,4.0,1.0,0.30834008010441505
447798.2151877618,1535.6085470581545,16.0,condo,1.0,2.0,0.25009735936338634
589484.0429841878,,103.0,townhouse,5.0,1.0,0.2301436943700387
480101.11260770843,,57.0,condo,2.0,1.0,0.4272951743903821
698356.4460891364,1428.2004395228319,110.0,townhouse,4.0,1.0,0.4219106600547613
547566.4231184014,2082.6817760399576,79.0,semi,3.0,3.0,0.03241078688842808
558566.5541772246,1479.9285917011653,66.0,semi,4.0,3.0,0.3004456405666356
503107.1951901627,,62.0,townhouse,4.0,1.0,0.381826709562198
436363.47550341085,2617.585583882005,24.0,condo,1.0,1.0,0.08938591716773861
411341.13879301824,1175.6483684925402,67.0,detached,1.0,2.0,0.01892891918213698
448134.4831142253,400.0,82.0,condo,5.0,2.0,0.43211438685117093
810659.6776371405,2766.5621970071365,,condo,3.0,3.0,0.4431799786141879
992969.8375395399,3329.596771564202,65.0,detached,2.0,,0.17914514980926807
654956.5141404634,1556.8384407304009,112.0,detached,1.0,2.0,0.127492031946317
419927.8476106905,637.8971756278888,113.0,townhouse,1.0,1.0,0.3269168841883707
583886.6208942336,1613.7096142824337,62.0,condo,5.0,1.0,0.20536521360410528
595285.9398381391,1628.2662300955985,52.0,semi,5.0,3.0,0.24899997568161
423157.628331874,1686.0456953866458,17.0,townhouse,2.0,2.0,0.04071564143553004
255825.39764832167,1131.967174846891,32.0,condo,2.0,2.0,0.07818207028367592
745877.2858841595,2147.7366854858865,105.0,semi,3.0,1.0,0.26958305690824147
672952.0101541055,2114.7044251716516,16.0,detached,1.0,2.0,0.2343335507246169
431566.3214612265,903.3566281084161,47.0,condo,3.0,2.0,0.4621776697415148
782970.4290792295,2219.5180390169326,83.0,semi,4.0,3.0,0.17419915244869483
775967.6180501066,3031.6109891675346,28.0,semi,5.0,2.0,0.05921827081304045
669420.0450419385,1903.176199462236,116.0,semi,2.0,1.0,0.21583383033119513
487657.2686488029,1597.6049027588963,77.0,townhouse,1.0,3.0,0.33512560068799757
508546.1923495541,1714.7980713554873,3.0,semi,1.0,1.0,0.22076249137122889
587405.266349359,2169.1540601811366,29.0,townhouse,2.0,3.0,0.6403725004570147
508667.61287901003,761.5970366956691,88.0,townhouse,4.0,2.0,0.6572832309101234
828539.3807491477,1898.6344217863814,103.0,detached,1.0,3.0,0.5233640004502754
712659.4070746494,,111.0,semi,4.0,2.0,0.5041050765229879
1113172.542626671,2908.6950077736274,102.0,detached,3.0,2.0,0.4871752560597122
801364.0665519453,1695.4963597170254,8.0,detached,4.0,2.0,0.461623565713145
591591.326755093,2800.732566671712,87.0,condo,3.0,1.0,0.14073723133992425
356375.93466346036,1137.7555813307956,13.0,townhouse,1.0,1.0,0.18683375461385002
569012.8637014271,2152.3555000816755,9.0,townhouse,1.0,3.0,0.31198232566728973
590342.6584502545,1991.6401582747374,83.0,condo,3.0,3.0,0.36297882476414756
478925.46766969276,1278.5716512811305,57.0,townhouse,3.0,3.0,0.46503376944092256
563827.1928273941,1906.4376687821643,77.0,condo,5.0,1.0,0.32884342032054703
751122.1107610569,2527.51130209896,102.0,townhouse,5.0,2.0,0.2221051492792026
388648.2467634664,,8.0,semi,1.0,2.0,0.14960973601740568
396455.4700111616,784.8224104981421,63.0,townhouse,2.0,3.0,0.28374948092671026
624734.7970258638,1789.4623041135324,100.0,semi,2.0,2.0,0.18230199592808294
328084.38161580084,1258.5461431244923,52.0,condo,1.0,3.0,0.1584663673712605
452143.6449681993,1594.5954368016705,62.0,detached,1.0,3.0,0.1946764137106352
351664.0711286653,1751.0473381889274,59.0,condo,1.0,2.0,0.1196661852796632
353853.6758428118,776.6086703906897,108.0,condo,3.0,2.0,0.20066000869074618
405208.07674264733,830.6049964075931,5.0,detached,1.0,2.0,0.30562786655677443
643988.9615602248,2089.2401013153153,105.0,townhouse,1.0,3.0,0.16752266023004297
417376.55746647937,1486.3687822981917,97.0,condo,1.0,2.0,0.574970528632426
374175.8453967628,400.0,97.0,townhouse,4.0,1.0,0.36729581641020986
759616.277778893,2270.9064219648812,49.0,semi,4.0,2.0,0.3947828448949364
549157.9538142974,1963.421853164544,61.0,condo,5.0,2.0,0.2959607389504927
308823.496370719,1371.6751055781097,44.0,townhouse,1.0,3.0,0.09310820387951499
559608.8306010362,1009.901873365055,,detached,2.0,3.0,0.2757304598371163
917934.0276425055,2301.484737788602,105.0,detached,3.0,1.0,0.48600161578258744
564225.3908732289,2009.6103735362578,60.0,townhouse,4.0,2.0,0.128430387299377
730450.8136340005,3229.561369610444,86.0,semi,1.0,1.0,0.085286863569647
697313.347741956,2052.1131592349625,12.0,detached,2.0,2.0,0.21781450889433032
592778.621070549,2032.6218847572088,94.0,condo,3.0,3.0,0.15491955797962983
741470.3845323577,1699.843241934861,79.0,detached,1.0,3.0,0.3363798344084984
778554.4652158963,2290.0655203204747,,detached,2.0,1.0,0.2262823136731805
712270.571903364,2175.051120748892,16.0,semi,4.0,1.0,0.4521905141306999
738497.3448045179,2551.035005139117,64.0,detached,3.0,3.0,0.03910711270510737
564345.8065325859,1487.206248817629,61.0,semi,3.0,2.0,0.525610223601528
469803.72018300043,1538.7555162336225,,condo,3.0,2.0,0.20151395222135932
545521.6717430252,1512.5380974528118,6.0,condo,5.0,,0.25591956215116474
660235.5354916056,2274.4810327073933,56.0,condo,3.0,3.0,0.2959031122702646
707238.4762135538,2699.024664178039,35.0,semi,3.0,3.0,0.09086485960618507
764710.4422023376,1524.6957041104197,74.0,detached,5.0,3.0,0.3150978079535962
367959.8620128107,1545.1357633241453,27.0,condo,1.0,3.0,0.2529907814044158
565898.2877852181,1988.4463343218795,52.0,semi,1.0,,0.3186425958353328
469610.05214119895,1652.5430999922592,74.0,townhouse,3.0,3.0,0.16411455586348514
778696.344270849,2371.232191883934,,detached,2.0,2.0,0.13399408130921084
174441.36672898554,448.933625628572,94.0,townhouse,2.0,1.0,0.05555129019141353
401746.21348618495,1303.9769718498633,85.0,townhouse,1.0,3.0,0.22061775067643022
353738.4770539806,1330.5501996231326,6.0,condo,5.0,3.0,0.04605359617445441
428867.01709306694,407.7863925683131,7.0,detached,4.0,1.0,0.8749381444376918
623484.105297541,1221.8169333787175,102.0,semi,4.0,2.0,0.4870664519227292
337979.5071920488,1250.9063304924443,33.0,condo,1.0,2.0,0.17515669625196945
513010.93406847713,1679.3372072887018,103.0,semi,2.0,2.0,0.157235465786996
735846.7336393592,2467.779534996158,59.0,townhouse,4.0,3.0,0.30079424114585035
489773.3475170802,1652.9636092855785,41.0,detached,3.0,2.0,0.12880553616848228
484202.9875493506,1181.5117678373076,32.0,townhouse,4.0,3.0,0.611355700693896
603295.8374339566,1765.8272752718826,79.0,semi,4.0,3.0,0.2445351968436599
668873.5311081588,2429.50417286481,13.0,townhouse,3.0,,0.259890203029216
381423.08103513956,1214.424710331057,48.0,condo,4.0,2.0,0.22951845059405923
433309.77606592886,1253.6550696471309,41.0,townhouse,2.0,1.0,0.21035004396584944
626892.7309880591,2135.1293755645343,18.0,semi,1.0,3.0,0.251004354200276
586119.2520558734,1667.0783305615196,42.0,detached,5.0,,0.16140498843957166
635057.7641321647,2188.4908144256847,63.0,semi,1.0,1.0,0.2888132559951797
506098.22381608444,1791.8119249228218,81.0,condo,2.0,1.0,0.6316357470718179
694430.0032226469,2220.9981888537404,,detached,1.0,1.0,0.28595875965953843
593615.0921258966,1178.9531315756155,,townhouse,2.0,3.0,0.4297490109810105
450969.10780892376,1792.7492095270395,105.0,semi,2.0,2.0,0.09302606935714033
584386.4459455918,1673.585991382106,83.0,semi,1.0,1.0,0.36263514033207606
492464.9012438946,1070.4654455375216,110.0,townhouse,3.0,1.0,0.3287920664150179
460405.30467673845,861.913231278787,51.0,semi,5.0,1.0,0.5120387296888212
777357.5281801573,2211.449421164797,98.0,semi,1.0,3.0,0.2961169175364375
532605.0388224113,1589.428570669213,87.0,townhouse,5.0,3.0,0.1505952571686299
420764.2865060128,1186.6318310116023,67.0,condo,3.0,1.0,0.23479012704125765
521704.5047418602,1742.2926378460006,21.0,condo,3.0,,0.4013280769770856
693682.16101871,2476.8113144095814,,townhouse,3.0,,0.34770813602743694
439763.09233379335,431.5572927768462,108.0,townhouse,2.0,3.0,0.5136750316512391
329837.98166402004,902.0167860580042,118.0,condo,1.0,1.0,0.10807069345193196
493714.27906855626,1246.2681348628394,53.0,semi,3.0,3.0,0.14361748590664358
699930.5880391083,2676.7073200321975,29.0,semi,5.0,1.0,0.06866539687026318
599530.1941690407,,89.0,semi,3.0,1.0,0.2271439608980449
477788.14412132953,2260.390344276736,9.0,townhouse,3.0,2.0,0.06574740759428292
369906.18752456823,1115.9034485242616,18.0,townhouse,4.0,1.0,0.17463163905941742
524632.9656645185,1128.2784748376844,67.0,detached,2.0,1.0,0.28232761295559466
578502.361391178,2068.688230033626,118.0,condo,1.0,1.0,0.1577850558271345
475027.03987631015,1834.9645985612678,39.0,semi,3.0,1.0,0.05771756195622615
504258.8113487006,2129.2432913184757,53.0,condo,5.0,3.0,0.1983755815247558
509456.84940092417,1687.3974054429286,38.0,townhouse,2.0,1.0,0.2945495558407717
535200.2759611886,1966.8862358727763,52.0,condo,5.0,1.0,0.14572140556509564
600536.0885371997,1894.8714509430656,0.0,townhouse,5.0,1.0,0.22343200049306103
592977.034590763,2266.660433450955,71.0,townhouse,2.0,1.0,0.13328220381196776
789508.3260162752,2284.2049691666825,,detached,3.0,2.0,0.44580485574177725
476146.14495312,828.0768033649381,37.0,semi,4.0,3.0,0.3011254522331656
276657.9412861619,451.63886679548665,31.0,condo,3.0,,0.656353330388354
872842.8742102409,2401.0472385909043,91.0,semi,4.0,3.0,0.44441085034554423
847249.8505462824,2512.635055957162,22.0,detached,5.0,2.0,0.1486767402151663
560024.8254742688,,,detached,4.0,1.0,0.12829196661366576
495447.4399240179,684.0987560726228,,townhouse,5.0,3.0,0.6903891867025886
640814.2792532099,1859.4208926043204,105.0,townhouse,5.0,1.0,0.25775629776453557
610957.7295535412,,43.0,condo,5.0,2.0,0.3210360052640282
742131.9546123623,2878.556713460589,12.0,condo,5.0,2.0,0.48422413063324293
678872.9173402172,2109.7785432608707,105.0,townhouse,2.0,2.0,0.5472173189803089
465234.58535662637,1576.969982048583,17.0,townhouse,1.0,1.0,0.20823970122934368
354974.1283400342,1264.1216270490825,40.0,condo,1.0,1.0,0.18422247446113596
673330.7851994255,,2.0,detached,2.0,3.0,0.40018529276753484
470049.2486367979,1620.4411776688462,81.0,townhouse,4.0,3.0,0.0558817051451336
482334.0573807672,1190.9592565627104,83.0,semi,3.0,1.0,0.2617125169051318
666948.4873382023,3029.253390517972,90.0,condo,3.0,2.0,0.2591264671184867
661222.4401621454,2871.101041243279,31.0,condo,1.0,3.0,0.41440707997734366
686256.181542167,2481.629210133257,39.0,townhouse,4.0,1.0,0.23210462811914256
579314.7805003825,1247.4897613145235,112.0,townhouse,2.0,2.0,0.3122153178894047
787905.5093404035,2313.0115945783673,98.0,townhouse,4.0,3.0,0.29053693373431466
498595.69578310393,2183.7758456987413,4.0,townhouse,1.0,3.0,0.14323452203907897
696191.6270573105,,83.0,detached,2.0,2.0,0.17813221928180464
735470.0218325246,2549.7991602262664,97.0,semi,1.0,3.0,0.3222071157489861
639248.9873531342,2181.2226857167666,67.0,townhouse,2.0,2.0,0.6050991492349633
656597.7883384684,2244.0085417826012,76.0,townhouse,5.0,1.0,0.23336874105453048
804955.7059667027,2182.143770023326,0.0,detached,3.0,3.0,0.18756953675165633
606269.4043580609,2004.4748448012635,3.0,condo,3.0,1.0,0.34298144100844996
291963.2685684124,729.83332217149,4.0,condo,2.0,1.0,0.14994911254652973
508629.2591841009,1850.1726464463343,19.0,townhouse,2.0,2.0,0.32056669513820585
711497.3549632883,1466.2848246905248,118.0,detached,4.0,3.0,0.2812149843249542
542850.9425789868,1032.0954254159876,76.0,condo,5.0,3.0,0.43405796233360594
996886.3108969994,2809.0899715804944,93.0,detached,4.0,3.0,0.15608883947554328
766891.8244686245,2837.397204531422,35.0,semi,4.0,2.0,0.22975243247506766
700489.3952643771,2615.532360177367,,condo,3.0,2.0,0.5324007443290198
648029.6030498625,1953.1280501135248,23.0,townhouse,1.0,2.0,0.57272810648199
900308.1485539085,2610.375072571594,108.0,detached,4.0,,0.12726427247800465
777140.1584332952,1807.2319083610953,3.0,detached,5.0,2.0,0.3329106405438167
588504.7581596825,1921.6783661386676,2.0,semi,3.0,1.0,0.7150390412642532
433307.1701313312,1143.9171777228103,9.0,townhouse,1.0,1.0,0.5578605391420672
734531.5221617953,2038.194782699304,95.0,townhouse,4.0,3.0,0.3604308653273743
758534.0817699375,1836.2315570546502,30.0,detached,5.0,3.0,0.2600771863665499
422089.76723681286,1018.4087298993213,,detached,2.0,1.0,0.28522550660632956
336962.26321627817,1769.281732910042,56.0,townhouse,1.0,1.0,0.03616487999657692
620889.7343152314,1752.162261685915,94.0,detached,4.0,1.0,0.1165728343045056
976479.168375569,2878.5366999867842,41.0,detached,2.0,1.0,0.4403419616192063
746945.0341540051,,0.0,semi,4.0,3.0,0.1840239029603452
527763.446411942,1806.8672634548795,46.0,townhouse,4.0,3.0,0.2116039650844409
588708.402389869,1949.2723858806498,34.0,detached,2.0,3.0,0.15316765233016627
588129.64047262,1826.5274268625187,87.0,detached,1.0,2.0,0.09351726675809609
568977.6348342674,1678.2516091226714,90.0,detached,3.0,1.0,0.106016981221673
446665.6960214935,1150.543681567028,11.0,semi,3.0,1.0,0.2873871273847202
752807.6534671925,1709.3688734358425,95.0,detached,5.0,3.0,0.33123903616798095
445458.86357757007,1352.341046008492,8.0,detached,2.0,3.0,0.08953250121148748
400342.7980132432,1049.8106766461121,74.0,semi,2.0,2.0,0.18214902339653885
731156.5441265455,2106.7330887285207,46.0,detached,5.0,2.0,0.18055954502428845
698451.7953125314,2034.758795959941,36.0,semi,4.0,3.0,0.14200458607027727
409543.81703306315,727.9754931791532,57.0,townhouse,4.0,3.0,0.2305153677928528
679396.2760745916,1726.3892175029237,37.0,detached,5.0,,0.423269353237969
669104.9394803558,2397.420831539954,95.0,townhouse,4.0,2.0,0.31407855883660657
777528.832628823,,116.0,townhouse,5.0,1.0,0.21500438179371095
707833.7428350239,2415.5021057311433,97.0,townhouse,4.0,2.0,0.2759463400240719
643189.5224142557,1823.3479241408759,52.0,townhouse,3.0,2.0,0.4769241955148664
375144.267579176,1292.9728032185094,60.0,condo,1.0,1.0,0.2900090848344059
470268.8211039547,1149.7807035851636,53.0,detached,4.0,1.0,0.34102978325597416
714299.815811286,2006.7629428502146,95.0,detached,4.0,2.0,0.1746163293588127
559548.715186583,2027.5680206190978,66.0,semi,5.0,2.0,0.08697097398432965
587073.5316221828,2572.3986669630394,56.0,townhouse,4.0,3.0,0.02479567500490236
470825.20065925055,2459.9877902052503,49.0,condo,3.0,1.0,0.17388645905300582
467589.84282986005,1720.6628060812968,45.0,condo,3.0,1.0,0.2800494173419062
334665.5297652468,1053.4764726834783,66.0,townhouse,1.0,3.0,0.26296919357333676
439093.26188628643,1608.5360417934612,82.0,semi,1.0,3.0,0.06495923900690992
508698.9682363123,1930.3387168863148,51.0,semi,1.0,3.0,0.11934410372823907
860636.7417293185,1678.7500527663576,96.0,detached,5.0,3.0,0.3591944622334812
626664.2518098829,1453.2635351534066,99.0,semi,4.0,3.0,0.2430189063135832
526672.2185249042,1951.7308889819394,51.0,townhouse,2.0,2.0,0.34696275536520943
801207.7972679511,1497.6253551536338,109.0,detached,3.0,3.0,0.7026669915184304
431862.22002480633,1423.1603497647757,20.0,condo,3.0,2.0,0.2594697292402192
607145.8354215984,1986.8717005820638,111.0,condo,2.0,3.0,0.19161572214614073
498122.07997424033,1558.804451922477,35.0,semi,3.0,2.0,0.24933439945180932
496390.12828198046,1946.4626333870112,,condo,2.0,2.0,0.26286555581876253
732694.5752942405,1963.9224137112735,34.0,detached,4.0,3.0,0.3224912385084085
426787.52327812766,1116.3425993450553,53.0,condo,4.0,2.0,0.257474819204807
456602.47279663547,1511.2553256807528,40.0,condo,1.0,1.0,0.623541422608732
872550.2907748767,2662.6661639498775,84.0,detached,3.0,3.0,0.2182148474593356
486739.55218146543,1102.7522923594277,9.0,townhouse,5.0,2.0,0.7271141341726249
493251.8814457994,530.0073306176814,100.0,semi,5.0,3.0,0.2690485624045452
346460.5598009145,,108.0,condo,4.0,2.0,0.12251586823142666
590399.1743896708,,67.0,detached,4.0,3.0,0.11971474352805113
669656.8454598451,1818.5503668196193,65.0,detached,1.0,2.0,0.3376153705292291
611965.2119745394,1729.4334867449274,83.0,semi,5.0,3.0,0.15972586723371826
921791.7597721241,2528.513897357101,23.0,detached,4.0,3.0,0.4473115583925964
337483.24059396127,400.0,89.0,semi,5.0,1.0,0.11992503793929032
565145.0693939894,2037.5603246584942,26.0,townhouse,5.0,3.0,0.07180420903111437
606275.9036239178,2736.862921082144,81.0,townhouse,2.0,3.0,0.08848799223602144
379987.25922351854,1123.3315410649716,,townhouse,1.0,2.0,0.48205357270569255
583752.7106452606,1572.116092926063,89.0,detached,4.0,3.0,0.08183426234519683
707123.1177880106,1348.2648496628274,,detached,3.0,3.0,0.41075794614571876
403281.8800452819,1263.3923723534826,,condo,1.0,2.0,0.35660163504423786
570506.1045750612,1604.242796986176,74.0,semi,2.0,2.0,0.49422059798389056
952316.5532515965,2656.491170210703,59.0,detached,5.0,3.0,0.4780485907708909
709106.9196749078,2902.4320052925123,35.0,semi,2.0,1.0,0.175132049321338
624755.760669768,1598.4364649759113,70.0,detached,2.0,2.0,0.3298416470807603
1019940.5040101726,2943.036128438682,119.0,semi,4.0,3.0,0.3704314654112888
658369.0203901951,1821.345886190775,0.0,condo,4.0,3.0,0.4992887108119316
705328.4583145512,2852.2146160206485,114.0,semi,2.0,1.0,0.043106701491310184
592673.9989923235,1744.020810207905,102.0,townhouse,5.0,1.0,0.10863020242324083
556010.6415974597,1878.6346956276866,63.0,semi,3.0,2.0,0.16598468675523304
602473.6149346825,2019.2846835857008,73.0,semi,1.0,3.0,0.2391253962613544
764635.6532670332,3707.3122076205213,44.0,townhouse,2.0,2.0,0.5745428379403273
647835.1125266865,2310.7713449068733,15.0,townhouse,5.0,,0.3517675091118007
386880.9348000598,1375.6412820291218,68.0,semi,1.0,1.0,0.22169219578824037
821144.1027352492,2381.3987221655148,,detached,1.0,2.0,0.3239540999828111
520233.5870529516,1582.9004777493951,27.0,condo,4.0,2.0,0.35569697486795393
634395.0376679383,1506.1498902592746,86.0,detached,3.0,1.0,0.2822596418567531
641953.6146888655,2345.160815935267,89.0,condo,2.0,2.0,0.41835668053630265
561670.0167822656,1818.6513526626916,90.0,semi,3.0,2.0,0.17979368900520898
515888.0365298181,1967.1455487070837,40.0,condo,1.0,1.0,0.43204653958190314
502766.7941046297,1808.3911331191755,47.0,semi,2.0,1.0,0.06901702896907341
484574.5700745885,,49.0,townhouse,2.0,2.0,0.18385930788899493
685891.1076171014,2054.9795384616896,102.0,townhouse,3.0,3.0,0.6467094689326874
520779.4744279109,637.8198403767508,,semi,4.0,3.0,0.44901953844186615
861395.9688447227,2199.9436011657203,,detached,5.0,2.0,0.47090594678656283
502482.43604179355,1210.7883481018196,116.0,townhouse,1.0,1.0,0.36267324187250793
373704.6265271198,934.6205186643532,68.0,townhouse,2.0,3.0,0.4138550333537522
558055.6674383691,1764.9532536847905,46.0,semi,2.0,3.0,0.4936728822034613
544204.4093896382,1850.3886019886725,0.0,condo,3.0,1.0,0.25088353842351196
488579.8050992911,1383.8963012566314,73.0,townhouse,3.0,2.0,0.16699166508398924
846077.5860651126,,77.0,detached,5.0,1.0,0.1562668296179347
617842.2792059856,994.6949001774558,116.0,condo,5.0,3.0,0.40728863818445166
555108.1115634379,1555.8337507364647,86.0,detached,4.0,3.0,0.07385206777922239
453862.3623877868,1449.0755190401997,3.0,townhouse,1.0,1.0,0.36798995166808834
549306.9985299221,1772.0476377963964,,semi,1.0,3.0,0.5172299695983428
539500.8742459062,1967.3185707883433,89.0,townhouse,5.0,2.0,0.1515366828495066
419282.5580441996,,,condo,5.0,2.0,0.16425813498514458
608971.4391675411,2234.5696064737367,51.0,townhouse,2.0,1.0,0.35233255866389795
564571.3498233757,1837.8014210008198,97.0,townhouse,1.0,3.0,0.09727817063554513
378914.0165883334,664.8322480128537,73.0,condo,4.0,2.0,0.2921034397634693
366890.6654098656,624.8451357617814,81.0,townhouse,3.0,3.0,0.35882546406852145
504613.67050164967,1792.6084242424133,,condo,5.0,1.0,0.2427905494072161
578593.6946598933,1667.4196093281876,33.0,semi,3.0,2.0,0.3841709669979364
700904.7515100952,1737.9479318552198,62.0,detached,4.0,1.0,0.49047714114816743
765310.9103856795,1783.2105260818691,115.0,detached,4.0,3.0,0.12406539576915968
515922.218197561,1935.3359037061084,72.0,townhouse,1.0,2.0,0.39949007154644556
606877.2703713652,,84.0,townhouse,1.0,3.0,0.21013879708206457
575850.7037739028,1133.3370594494652,14.0,detached,4.0,1.0,0.3150724271537569
584849.998841167,1096.817044259523,,detached,1.0,3.0,0.12491302177914161
382785.1466533276,1144.0056852675705,29.0,condo,2.0,1.0,0.3097328384150758
713381.7147973542,1973.350000301224,116.0,townhouse,4.0,2.0,0.19344344696160695
542990.9798946714,2546.9684271878673,53.0,condo,2.0,1.0,0.306738637272862
612565.9792885676,1541.1963370562937,110.0,detached,1.0,1.0,0.23154733922676018
443713.85975838517,400.0,107.0,detached,1.0,2.0,0.3037794467992804
415335.07051304175,777.6042824337746,90.0,semi,3.0,1.0,0.462382801774084
579304.4879757045,1300.177966322393,,condo,4.0,2.0,0.46060272630464016
630136.4805042635,1465.362667502871,73.0,townhouse,4.0,3.0,0.40531838559350236
550673.8939506508,1554.9668236471641,101.0,condo,5.0,1.0,0.25913476279180053
609228.198824931,1823.1486737885502,20.0,semi,4.0,3.0,0.24448599021257567
446849.0032244575,1612.9522015065318,8.0,semi,4.0,1.0,0.05163220788819843
575971.2659952536,2429.6037663260445,65.0,townhouse,2.0,1.0,0.20855666809434212
566164.1759795331,1394.3896165911788,97.0,condo,2.0,2.0,0.4374930896841483
601778.8904491826,1282.6092243146743,91.0,semi,2.0,2.0,0.5300394575795981
585349.052064808,2087.325323112277,63.0,townhouse,1.0,2.0,0.4367366523052197
341244.5096406643,878.6147580443285,62.0,condo,5.0,1.0,0.07334213883085686
543446.70403359,2033.8150231920013,73.0,semi,2.0,2.0,0.1013485202788444
562925.6415572987,1861.53191023576,104.0,condo,3.0,1.0,0.1933462199939457
553733.5676612469,1711.5345060490995,101.0,townhouse,2.0,1.0,0.6441509867685401
564237.3653171866,2752.9656642895575,13.0,condo,1.0,3.0,0.06871510011814709
600146.1735773884,1426.6755328231693,71.0,semi,5.0,1.0,0.36567694001945
579233.1168156202,3036.178902314447,45.0,townhouse,2.0,2.0,0.24937905573579142
638265.5869674974,1664.7411304631405,,semi,1.0,2.0,0.2884077208326581
394743.48052936577,1033.7901330178631,60.0,townhouse,2.0,1.0,0.33381541039609103
580653.5570502826,1841.9517485968952,118.0,semi,1.0,3.0,0.10185678710053711
397038.98434526956,1154.2528798087392,51.0,townhouse,5.0,2.0,0.15188048169355275
464838.6735705541,,81.0,condo,1.0,3.0,0.32367073135191493
567900.5804870587,2038.2199800092947,13.0,semi,2.0,2.0,0.2544394441213805
756284.7232959892,2133.3492531900747,111.0,semi,2.0,3.0,0.4082810742184601
438247.43200027203,1426.699379847445,18.0,semi,1.0,3.0,0.21318109968500754
590555.8924282227,2392.44308702784,45.0,townhouse,1.0,1.0,0.6224811089405407
705694.7095586165,2494.50465481268,100.0,townhouse,3.0,3.0,0.2515930264858248
861828.7249371049,2661.781053937975,116.0,townhouse,2.0,3.0,0.4196094850893771
632916.3379869836,2117.648044275433,58.0,detached,1.0,2.0,0.12822550677481853
778382.6654074106,2618.057227251419,58.0,detached,2.0,1.0,0.16945794738837508
465230.53142778104,671.5209432155654,5.0,detached,2.0,2.0,0.3882533923662935
588570.7543057447,1609.2560708229225,117.0,condo,3.0,3.0,0.24037509053740677
467652.22268831305,1279.7968462059441,1.0,condo,5.0,2.0,0.29370033172607973
730612.099838782,1871.5355166764352,3.0,detached,2.0,1.0,0.8009372048627295
675365.8937239726,1457.1304684819577,56.0,detached,4.0,2.0,0.33226217808589587
602404.174073731,1700.3052948301606,,condo,4.0,3.0,0.23739961978784999
738977.373912766,2929.30492812243,,townhouse,1.0,1.0,0.4392037063601281
591432.0273963591,1698.168122147773,75.0,semi,3.0,2.0,0.34804855292543274
536986.9079118824,2048.2753903141283,84.0,townhouse,3.0,1.0,0.3863866469254742
576350.4391999579,1660.6384020454589,35.0,detached,3.0,3.0,0.2137605973487357
696193.4179259868,1845.4279727741002,95.0,detached,1.0,3.0,0.19247090850402812
518470.7054914534,1803.6100082616429,72.0,semi,3.0,3.0,0.08884740336536391
409380.5506002574,2068.9944395838957,27.0,condo,1.0,2.0,0.16393505706884323
568013.8947188465,2499.1845213283063,85.0,condo,5.0,1.0,0.3036749655879709
950931.2161715893,2788.4363985619975,71.0,detached,3.0,2.0,0.42999583170562916
608833.6780139956,1985.7720491455002,97.0,townhouse,1.0,3.0,0.5282454105886678
365711.9017478458,2153.728131621361,18.0,condo,3.0,1.0,0.020441640372939888
347859.46870390984,1109.4812944886598,27.0,condo,5.0,1.0,0.054349355135145994
371281.9722836092,1747.2739545506276,36.0,condo,4.0,3.0,0.05883332376658243
778629.209517347,2364.1736789301535,40.0,detached,2.0,2.0,0.45120223306113016
946281.9001941115,,106.0,detached,5.0,1.0,0.3654732483650027
700432.0381538763,1926.96583967703,87.0,detached,1.0,1.0,0.2564763319297739
717655.359766273,2331.8363757407715,65.0,detached,2.0,2.0,0.1892227330072353
766220.305236055,2094.4600253962913,64.0,detached,1.0,2.0,0.310240733822952
771474.0526548846,2520.183754955593,106.0,semi,5.0,3.0,0.17910183152232279
449731.9035800629,1973.6154941742666,53.0,townhouse,4.0,3.0,0.08197263772814178
525427.4251017229,1586.5810106573792,27.0,semi,3.0,2.0,0.6193640138343575
582658.5009599905,2001.5047541598142,16.0,semi,4.0,2.0,0.2671545485467677
268194.08552728046,400.0,39.0,detached,2.0,3.0,0.12995558677604477
647691.6021629184,2029.7314418310298,78.0,detached,1.0,3.0,0.20973164134772673
310648.38812092267,400.0,56.0,condo,5.0,1.0,0.41247971088191066
481943.24566194584,765.9219555567491,50.0,townhouse,5.0,3.0,0.3768288017628762
670277.8512335954,2071.0611605645904,57.0,detached,1.0,3.0,0.1435440803124807
578442.2061089333,2086.517602360077,116.0,condo,1.0,1.0,0.1755354697350575
631302.076535577,1102.5427319160417,119.0,condo,3.0,3.0,0.528248440566462
351182.2915429692,1372.7387748726367,19.0,condo,1.0,1.0,0.31821368951274626
932703.8652690602,2622.324593168479,13.0,detached,4.0,2.0,0.3610914777687359
506453.6410423409,1509.5819210563943,29.0,townhouse,5.0,2.0,0.16406617764524173
615680.5048836602,3145.752187441791,102.0,condo,2.0,3.0,0.06619100439670796
467035.2835238735,1798.8480880941922,55.0,condo,2.0,3.0,0.21918078501356802
810851.5695588072,2044.82170612876,103.0,detached,5.0,2.0,0.2874273299257897
630139.8844592691,2770.1246390991646,77.0,condo,2.0,2.0,0.3759752259959936
598513.79418227,1878.6162697160516,66.0,semi,2.0,3.0,0.24156895506789197
366642.39344769216,1198.5936115855193,33.0,semi,1.0,3.0,0.030134956106279382
657737.0951259806,1734.163528983426,41.0,townhouse,5.0,3.0,0.3345906001652627
608835.4408010234,1778.6335582859454,17.0,condo,5.0,3.0,0.3197165302109759
374093.22701364843,981.1550086790608,62.0,detached,1.0,3.0,0.10942503293750519
587045.90809865,1646.500757195506,33.0,townhouse,5.0,3.0,0.30831630818570815
372898.3371307668,1354.684743601538,35.0,condo,1.0,3.0,0.6643783736795574
601129.7006563507,2354.6146543124605,4.0,townhouse,1.0,1.0,0.5108383495061202
640273.6622608592,1820.7671245111533,95.0,semi,2.0,2.0,0.5513620117911844
684152.2617107934,1630.322550511458,112.0,detached,3.0,1.0,0.15152171328840192
650284.8547297704,1736.2908416264543,59.0,townhouse,5.0,2.0,0.37313633759408993
496990.7506319296,1933.8732110436997,64.0,townhouse,4.0,2.0,0.0402490778893544
655848.5477791168,2170.088519813868,111.0,townhouse,1.0,1.0,0.22411093737302126
429420.14158112474,1200.1726627983712,61.0,condo,3.0,3.0,0.26245831866065533
502761.78795478074,1175.0474204272368,74.0,townhouse,5.0,3.0,0.3250126726801347
700681.8090605224,2462.807529241518,51.0,townhouse,4.0,2.0,0.3976636719299837
604564.1668361917,1552.5978766771616,61.0,detached,2.0,3.0,0.3366376146182695
306877.73564768804,949.8947444418756,62.0,townhouse,1.0,1.0,0.15877728459266946
725958.5843498448,2066.2876256298628,85.0,detached,3.0,2.0,0.2113701876563663
559992.6816122943,2078.0218836196123,72.0,townhouse,3.0,1.0,0.23855531449644435
447218.12890897045,881.5708456459762,60.0,detached,2.0,1.0,0.28187868913642317
424874.06674785767,1937.6890292781638,9.0,condo,1.0,1.0,0.7878038255176738
794106.5528963793,2241.349855457024,,semi,1.0,,0.4663427144448328
605514.9170004057,2024.6318710237579,106.0,semi,3.0,2.0,0.1661637043995734
873238.4667141286,2179.188890256837,22.0,detached,5.0,3.0,0.376046836695144
344138.21243217617,957.4385411455505,35.0,detached,3.0,2.0,0.04015243175224375
671072.8430819693,1998.6240929977173,116.0,condo,3.0,3.0,0.23140743743584474
468707.92099153437,1618.4281443177322,38.0,semi,5.0,2.0,0.1312157383269356
497875.09589398326,1510.3259047652132,97.0,townhouse,4.0,1.0,0.2675137005353276
667035.2750406255,2322.3333656518357,94.0,condo,4.0,1.0,0.29967217199907387
745912.5630725358,2687.564706404538,103.0,townhouse,3.0,1.0,0.3400562482135264
991219.0400709597,2876.6220327602155,1.0,detached,4.0,2.0,0.35901208976903776
565871.2081913489,2588.884722903543,57.0,semi,3.0,2.0,0.025645209681262084
552112.1044094288,1734.1594910218898,67.0,semi,4.0,3.0,0.06656572488141904
679167.6079636981,2011.6320978158058,100.0,semi,4.0,1.0,0.2044756285352785
796143.7489808297,,26.0,detached,4.0,1.0,0.2881740672159747
536628.8773711157,1872.7067695796773,36.0,townhouse,5.0,3.0,0.21007457908156038
569867.8510314879,1878.4585127469265,21.0,semi,2.0,1.0,0.25824912584746174
677464.4299040657,2294.2518791257094,91.0,semi,4.0,2.0,0.2104461830872713
603703.5167376575,1764.4304123844406,119.0,semi,1.0,1.0,0.2594466347497889
436679.8665945016,1362.4278381758031,16.0,semi,3.0,2.0,0.23176141445821305
536680.841380033,1551.3161604984848,27.0,detached,5.0,3.0,0.014439087411094462
748124.3479208256,2180.3462266402453,36.0,semi,4.0,1.0,0.5480493313173603
509883.31613665895,1801.7959747199734,106.0,condo,2.0,2.0,0.15813342334279018
520442.4215095676,2004.1259861210028,53.0,townhouse,4.0,2.0,0.15950965453590787
647339.5207173643,2202.047545321314,33.0,townhouse,2.0,3.0,0.5421000290435996
396224.4033876019,1575.0951222614342,38.0,condo,3.0,3.0,0.10809454864444185
497562.1604251721,,71.0,townhouse,2.0,1.0,0.10332522028626992
774265.9825886403,2027.3055620750367,46.0,detached,4.0,2.0,0.3428501551726141
323809.51727129467,1059.112147853113,16.0,semi,1.0,3.0,0.15779264584059854
784665.4884784467,2665.382874711747,98.0,semi,3.0,1.0,0.2631882805314802
507196.65561856236,1499.5531537458503,50.0,semi,5.0,3.0,0.24176046355045533
513046.5647121272,806.9427940888897,30.0,detached,4.0,1.0,0.4393692260944977
432293.8998992163,1172.9737742482187,,detached,3.0,2.0,0.09390170321472913
669048.4954313431,1187.3729035930069,89.0,semi,5.0,3.0,0.3993437616121464
365888.97251574043,1831.30399119452,18.0,condo,1.0,2.0,0.30059418646739244
610589.7920513777,1635.6896966722577,8.0,townhouse,5.0,3.0,0.16038092280716015
259140.12155165034,1597.9008194156443,5.0,condo,2.0,2.0,0.013389279458759343
698872.3351229881,,91.0,detached,5.0,1.0,0.09621750921397604
590474.0183363102,2003.9252167156224,75.0,semi,5.0,3.0,0.03018544170964416
713908.4370776664,1989.6287223865718,95.0,townhouse,4.0,2.0,0.3905337523234242
657851.5124127539,,75.0,semi,4.0,1.0,0.3152905984217941
730106.1072211927,2169.680800801343,48.0,semi,4.0,1.0,0.6312900098312939
295352.26996668306,535.2279949335342,70.0,semi,2.0,2.0,0.26518900197425427
506298.0064015112,1581.3370486413232,86.0,detached,1.0,2.0,0.09917360528949506
295594.7752614163,491.8739613063156,47.0,condo,2.0,3.0,0.30577228451814675
558724.2329641863,1821.6359560786773,109.0,condo,3.0,1.0,0.28857049284138314
735604.1558517152,1797.2202166653929,107.0,detached,4.0,2.0,0.3504846718780336
738101.26459805,2427.3193648738084,96.0,semi,2.0,3.0,0.25092514836808805
836089.7886129745,2512.5806356326725,,townhouse,3.0,3.0,0.42474592432267405
471755.04324142094,1921.6650289514205,46.0,condo,1.0,3.0,0.17938409228763855
356822.63895476604,,13.0,condo,1.0,1.0,0.3073200653475032
600934.333939558,2091.0966675274426,58.0,semi,5.0,1.0,0.18529558320212808
612182.5942029319,1483.249417605412,89.0,townhouse,5.0,2.0,0.23251806566150193
570384.5951590794,1799.1644091339906,93.0,condo,5.0,2.0,0.19028710488116116
556592.7433813069,2391.6817901764607,46.0,condo,2.0,1.0,0.29905306894469086
536559.0309714044,1465.3371924063458,35.0,semi,3.0,1.0,0.329538808361913
608705.8016653028,2283.4071835455006,53.0,condo,4.0,1.0,0.35139426038818383
710857.1403663974,2206.440821215381,96.0,semi,2.0,2.0,0.16125209338404195
600136.0772313608,1227.124909721507,7.0,detached,4.0,3.0,0.26173863743905396
500834.11608255317,2384.3364769304408,39.0,condo,4.0,1.0,0.20308468122144582
480536.20126050233,2219.139807222903,27.0,condo,3.0,,0.1210813043503741
555592.9002363386,1861.1555324235944,96.0,semi,3.0,1.0,0.1526854185743518
505775.49195666733,1342.6059251834088,56.0,semi,2.0,3.0,0.32735014341100516
638815.8595676476,1284.476388854658,10.0,semi,5.0,3.0,0.5259937226409409
536134.3308458037,1477.4024538581866,31.0,detached,5.0,2.0,0.12246395652453146
544273.0654362625,2125.556677975176,5.0,condo,5.0,1.0,0.21288253465278492
617899.3028570913,1226.6248995591613,57.0,detached,4.0,1.0,0.500110462214668
593417.1194840444,,119.0,townhouse,2.0,3.0,0.1036627482211428
521037.5427235433,1054.9466826729645,68.0,detached,4.0,2.0,0.16454178125168
533433.5430604188,,104.0,townhouse,2.0,1.0,0.31578743713759744
589494.2068564136,,89.0,condo,5.0,3.0,0.3097567930482001
933937.6266042267,3267.07808703535,105.0,townhouse,2.0,2.0,0.6760026391949023
324314.7263164398,973.6106066877795,37.0,townhouse,3.0,2.0,0.24506790969087278
670602.1944251946,,114.0,condo,1.0,2.0,0.26967699610944806
506945.92687413,1889.905448392368,28.0,condo,1.0,1.0,0.26789646766888037
522391.88863520866,2046.703150809578,52.0,condo,2.0,3.0,0.2912858401463533
668198.1595207701,1871.0087480329228,81.0,detached,3.0,3.0,0.04341420074478905
542289.3146365334,2066.8360909171397,34.0,townhouse,1.0,1.0,0.29677732584769567
534831.9125706943,1707.7889373827893,,condo,5.0,3.0,0.2505334908072838
727472.3823137525,2672.430108874475,15.0,semi,1.0,1.0,0.5233982121149523
441222.93420994445,,,townhouse,5.0,2.0,0.16986513707320217
767554.3703922223,,60.0,detached,2.0,3.0,0.1903061825136388
568413.4167780459,1413.3797278721863,118.0,condo,2.0,1.0,0.38765384718216456
550969.1813630514,1763.8488921592277,26.0,townhouse,1.0,3.0,0.41304146497297994
614782.5509793267,1156.8224686258684,,townhouse,5.0,1.0,0.5236949078773261
708278.597953207,2073.014232208512,112.0,condo,4.0,3.0,0.7242763489663678
924423.6086754956,2667.07557415592,92.0,detached,1.0,2.0,0.3698651900068509
506217.7062078003,1753.5862921074875,0.0,semi,1.0,1.0,0.11796468294879497
541755.6199661873,1681.8685807776542,60.0,condo,4.0,3.0,0.2685862913040981
451018.68277362385,1131.229822159244,17.0,detached,5.0,1.0,0.07675713797630318
334063.162512754,1662.4244078686152,,condo,1.0,3.0,0.07395817879118001
433544.7188375937,844.3234441670834,29.0,semi,2.0,3.0,0.5287320580570352
406471.03805026575,1252.2732079687037,73.0,townhouse,3.0,1.0,0.14986777148932834
516478.6429332849,1936.0716276654812,23.0,townhouse,1.0,2.0,0.3068328453671632
661853.74622669,2591.4079186448375,30.0,townhouse,2.0,2.0,0.28213741284415844
651623.533814825,3485.526516737702,27.0,condo,1.0,2.0,0.35000927686874217
495752.2950758717,1448.0489489574595,42.0,semi,3.0,2.0,0.22386928631413194
939487.1131019266,2661.180093987264,78.0,detached,4.0,1.0,0.23312733514402306
648120.9955665772,1946.2514882409887,47.0,semi,3.0,2.0,0.5103502696833694
601605.2518730166,1709.2514119521745,39.0,townhouse,2.0,1.0,0.5383586775892997
563533.0477678283,2059.556671035691,62.0,condo,3.0,3.0,0.2903425917987334
478668.9149671966,1837.1498902079754,73.0,condo,3.0,3.0,0.16349648518790552
575228.4378328546,1866.237435367331,1.0,semi,1.0,1.0,0.31346545988084684
414144.44453078654,1555.0001023039986,106.0,condo,1.0,3.0,0.09806649600430303
480298.72533099947,961.1342041206896,109.0,detached,1.0,3.0,0.32536947335752436
590601.0545171096,873.824878486751,72.0,detached,5.0,1.0,0.5531202617668072
875286.7272198588,2191.946929968736,68.0,detached,4.0,3.0,0.21698680184121738
527319.349336776,1633.9799459485719,83.0,condo,1.0,3.0,0.6626311631228375
570240.9389818122,1442.3466602063,,detached,2.0,1.0,0.2877519377213056
562595.053692945,1805.1033760338921,43.0,townhouse,3.0,2.0,0.38734048871242943
610611.2415161044,,42.0,condo,1.0,3.0,0.4224415081869711
554890.170442286,1908.218365815839,19.0,condo,5.0,2.0,0.2588816742899355
460253.82267082034,1406.3670380154197,100.0,condo,5.0,1.0,0.09102700194312108
720747.9576076912,2535.77577338937,38.0,detached,2.0,2.0,0.22389133264646213
692049.293144575,2747.5113017889794,34.0,semi,1.0,2.0,0.3176633428173961
760664.871145483,2096.733993193712,115.0,townhouse,2.0,3.0,0.5378690276018012
633402.7118836285,2384.1981068064542,60.0,townhouse,3.0,2.0,0.19765671934395637
774408.9584456575,2545.1759980882866,74.0,townhouse,5.0,2.0,0.31080987002957816
623447.5601772843,,29.0,townhouse,2.0,3.0,0.4839243141789551
550245.3433431501,2168.4595062675744,33.0,semi,2.0,2.0,0.25052088323952737
857363.8432148524,2159.00822824493,87.0,detached,2.0,3.0,0.6027055473606693
540797.7670349226,2111.7963440079016,54.0,semi,1.0,3.0,0.1994123421772935
369741.00619003386,1141.5973952717738,17.0,semi,1.0,3.0,0.07598994398127676
597021.1860524138,2220.4338941157516,100.0,townhouse,3.0,1.0,0.2868153649148439
354452.30580696894,986.5116173240676,48.0,condo,4.0,3.0,0.14938553914911817
383629.9970774704,1323.2403269249671,80.0,townhouse,1.0,3.0,0.1275190322041304
637193.9831964897,2582.1390406848523,40.0,townhouse,2.0,1.0,0.29017399655932447
788992.0615593217,2304.1320976165184,67.0,detached,5.0,2.0,0.24243347825161396
750637.6664961277,2692.4389738115174,93.0,townhouse,5.0,2.0,0.6014712524474963
590080.0608211874,1636.9953697876247,106.0,semi,4.0,2.0,0.11003897435344119
479071.77551367064,1108.6506952339396,24.0,detached,3.0,3.0,0.12780660626110243
773958.8669478378,1655.7376817577942,80.0,detached,3.0,3.0,0.4573434855779476
448341.49576956616,1861.2187783443446,109.0,condo,2.0,1.0,0.09173105949618608
549496.5090850035,1847.3932298040058,77.0,condo,2.0,2.0,0.3304622431747795
576493.1871102445,2480.208287254021,17.0,townhouse,2.0,3.0,0.10024286350232157
591141.181587984,1583.2377449979326,22.0,condo,4.0,2.0,0.4423558569430657
727040.3519189075,,24.0,detached,4.0,3.0,0.20074287124554305
405038.3535222336,1206.8237103392364,12.0,semi,4.0,2.0,0.1949091850524029
587964.9770329186,2070.1903668262876,90.0,condo,4.0,3.0,0.20832852227323187
748533.2128736316,1801.865130111382,115.0,detached,1.0,3.0,0.25136367610604793
399381.06011390884,1350.1119970292896,62.0,townhouse,4.0,1.0,0.08210479097259522
609306.8134049122,1658.5023826950883,71.0,detached,5.0,3.0,0.1670389716606415
498675.3594983575,1689.494552090867,92.0,semi,4.0,1.0,0.061915704100637646
517334.2785292252,1637.9069223977424,49.0,semi,3.0,3.0,0.10649354702796268
730613.0397135862,2862.80474536061,56.0,semi,2.0,3.0,0.20909689550329968
465729.82639188453,1740.9323986152722,70.0,condo,4.0,1.0,0.21326781941017114
578301.703616258,1653.6623338935974,36.0,condo,3.0,1.0,0.5638655359195174
189039.86777887572,541.529425433915,7.0,townhouse,2.0,2.0,0.09159116969506478
543999.0584773681,1263.4755888123136,68.0,townhouse,3.0,1.0,0.5756369476846196
696500.2478671429,1642.1559453261882,98.0,detached,1.0,2.0,0.2854023625482065
667952.778175528,1388.4883942940144,8.0,detached,5.0,1.0,0.46317459326358745
855653.5399180105,2629.024556026678,25.0,detached,4.0,1.0,0.25869624899603366
503062.7584174626,,31.0,condo,2.0,2.0,0.5124265643807336
1000118.0050902007,2573.0665495909516,96.0,detached,4.0,3.0,0.4238805354720642
469288.21655192046,1837.0227804302208,,semi,1.0,1.0,0.20703468391441118
340465.3213205612,1822.336701852946,64.0,condo,2.0,1.0,0.07533473007870742
425348.1003967754,1746.7221313724995,77.0,townhouse,4.0,1.0,0.045001011000035576
457439.3696470347,1802.2777509728755,,townhouse,1.0,1.0,0.28563442794737154
891195.710897464,2831.2770018299157,85.0,detached,4.0,1.0,0.1844177212083073
304178.9313152742,408.23356394926907,3.0,townhouse,5.0,1.0,0.360446553215484
402197.18474260403,599.0725533367927,13.0,townhouse,3.0,2.0,0.6065463528288327
553618.4827249802,1474.0975013663317,97.0,semi,2.0,1.0,0.3668148058396769
450698.856018847,1808.7167291625412,78.0,townhouse,4.0,3.0,0.11077707885254409
456023.9656151769,2214.0626548584073,21.0,condo,2.0,,0.15432117466279938
656782.8774099892,2083.852318816485,52.0,semi,4.0,3.0,0.2705181676887183
689266.7930364548,1569.4524522716579,6.0,semi,4.0,2.0,0.48490976529630275
647025.4377557032,2411.4262159450573,80.0,semi,1.0,,0.27086397581341276
649493.3528346268,2418.1172418916385,90.0,condo,1.0,2.0,0.45279648197288624
627046.0425510479,1910.4346987629392,33.0,detached,1.0,3.0,0.09884083288568694
424302.7665398773,2377.5945434921045,42.0,condo,1.0,1.0,0.17173359919003953
557656.7170724366,1963.5871580592773,28.0,condo,2.0,3.0,0.5041775232171546
479270.83748558175,1463.1101839302698,46.0,semi,1.0,1.0,0.19285452086060095
653358.0432481245,,32.0,townhouse,5.0,1.0,0.30617825485211586
635405.5053187177,1866.3678735472067,29.0,condo,5.0,3.0,0.49566757507794346
387215.91315442545,1800.8039080526921,51.0,condo,1.0,3.0,0.1596262024549514
774058.1935946406,2683.7721433137444,103.0,semi,2.0,1.0,0.2079484828459772
335937.0771584983,400.0,91.0,detached,4.0,2.0,0.12219107932065972
343351.53780595295,949.3894979042582,35.0,townhouse,4.0,2.0,0.2676446349208155
537303.9352842158,1087.7577441753779,113.0,detached,3.0,1.0,0.17686963124112146
668087.8497668795,1582.0436114587167,25.0,detached,5.0,2.0,0.4218756906138857
629118.0191621578,1647.235098140382,109.0,condo,4.0,3.0,0.3078096231392809
394058.753654136,895.6046113361715,37.0,semi,4.0,2.0,0.26802681269974854
443227.97222593066,1208.9051806135042,64.0,townhouse,3.0,2.0,0.21944689194334735
475245.23211727344,1283.494992885858,24.0,detached,3.0,3.0,0.08284120292082507
996555.476054824,3274.454455245535,91.0,detached,2.0,1.0,0.41223225617662823
898208.5313093782,2881.045168648288,38.0,detached,3.0,2.0,0.30375548576517003
646561.8104648417,1552.9503493892105,,semi,5.0,1.0,0.2091399786040403
694841.7241620797,,9.0,detached,2.0,3.0,0.32186841558357104
289238.7360796846,1110.4776016870235,60.0,semi,1.0,1.0,0.14266830273626074
361648.10650750296,655.1217520648399,19.0,semi,3.0,3.0,0.31591216479138834
769424.6206580609,1729.8718881548855,106.0,townhouse,4.0,2.0,0.4883246996783217
468437.5634410478,1201.2888100535845,50.0,townhouse,5.0,1.0,0.27338371779715537
595446.8511462982,1749.0896810027941,80.0,semi,3.0,3.0,0.21345776918260814
445164.7893187153,839.8764905739135,105.0,semi,4.0,1.0,0.2288124136983976
591124.9401052054,1342.8153250138453,64.0,detached,2.0,1.0,0.52004499380823
632566.9595063201,1889.1762571816985,6.0,semi,3.0,2.0,0.15751520344471243
526698.8603622973,2019.7257586703624,,condo,3.0,3.0,0.22039424949122338
542881.2425202412,2050.4831752452087,25.0,condo,2.0,2.0,0.2697092908931367
443863.4268144699,1007.7066095057776,109.0,semi,4.0,2.0,0.055075883388296706
647628.0978905595,2312.811438081337,109.0,condo,5.0,2.0,0.22815626711167622
442711.2355138557,1319.8729820388899,57.0,townhouse,2.0,1.0,0.49324178107137956
620036.8963204721,2179.714748764384,106.0,detached,1.0,1.0,0.05869331942653113
471984.5856506992,1793.616794029084,29.0,condo,5.0,1.0,0.15191104507981146
490494.8499135695,974.1675005532313,,semi,5.0,1.0,0.17025196308459448
507677.4506045509,1610.2813772512873,47.0,townhouse,5.0,3.0,0.13222162081554603
460685.5675193964,2019.2182452382606,28.0,townhouse,2.0,2.0,0.12659903072608822
595930.7676063247,,30.0,semi,4.0,2.0,0.1814958287787642
630846.7268164249,1715.407261533349,50.0,townhouse,4.0,3.0,0.509706846642888
587783.740913086,2719.067334360632,40.0,townhouse,4.0,3.0,0.11059306682104764
634051.3731900101,2404.5064625919354,,semi,5.0,3.0,0.11442476070224519
582150.3023651912,1646.0075301601482,40.0,semi,5.0,2.0,0.1636381882792197
670302.8110661097,,15.0,townhouse,3.0,3.0,0.6168401061338582
1026191.4546974234,2960.276091112912,116.0,detached,1.0,3.0,0.33566907711153376
866497.248984305,2976.290760469816,45.0,detached,1.0,1.0,0.31021856020754907
517126.89017460035,,12.0,condo,5.0,1.0,0.49274453698995757
503325.0123462966,1244.0801333057095,69.0,semi,5.0,2.0,0.17821091548109383
678065.673819464,2690.9512720403104,105.0,townhouse,1.0,3.0,0.22420128589997337
273520.5097271802,1165.0313694974177,43.0,townhouse,2.0,3.0,0.0433105888082832
441490.4289299215,1006.4753200249926,101.0,condo,2.0,3.0,0.2736989574803311
499046.7308008903,1508.283521580572,73.0,townhouse,2.0,3.0,0.24152976441601995
671393.11384433,2052.1360256847515,88.0,townhouse,4.0,1.0,0.4269805005606506
397590.30226191785,1738.5619760333423,35.0,condo,3.0,2.0,0.11775465192984924
496780.1001568847,1409.6618277566447,4.0,condo,3.0,1.0,0.5928979143451236
614410.0676652439,1395.4725229652945,41.0,detached,3.0,2.0,0.630365327357777
504517.4550563184,,110.0,townhouse,4.0,1.0,0.18808117131422317
549310.5731354657,1272.2942228046345,,detached,4.0,1.0,0.0648500340667907
656595.746555486,3168.979726365637,94.0,condo,1.0,3.0,0.2202337103291233
818806.1254192272,1978.506642711333,105.0,detached,1.0,3.0,0.4566045693186454
749134.181454697,2332.0554326428432,44.0,detached,2.0,3.0,0.5374756258501459
641785.9630639846,1506.5535191286458,38.0,detached,3.0,,0.48259847592809957
663768.4989238903,1688.4259936883707,111.0,townhouse,5.0,1.0,0.5242788242692707
510941.9491012749,1371.867611177787,68.0,detached,5.0,2.0,0.10753076875998178
374352.45982438663,400.0,35.0,detached,4.0,3.0,0.08088807830656776
290032.56181104697,973.1944338912803,33.0,townhouse,1.0,2.0,0.13301000448451386
451448.03778583783,713.6287920117632,105.0,condo,1.0,1.0,0.42869213425948055
418182.65592410474,450.12973322903554,6.0,townhouse,3.0,2.0,0.4568720712344079
570551.58743265,1082.7846154211384,7.0,semi,3.0,3.0,0.42242886748609043
702232.7546177175,2594.9734076289783,88.0,townhouse,4.0,1.0,0.2689008356815717
489523.7269021521,1773.3382993773873,0.0,townhouse,1.0,3.0,0.06580138990881719
773712.6962116631,2574.3382573927042,,semi,5.0,3.0,0.16234919219463478
762469.5982864841,2046.5895461405253,118.0,townhouse,3.0,3.0,0.40547569840120284
717544.4174298262,2269.5352954290956,,detached,3.0,2.0,0.13752843751371507
480110.691639944,,87.0,detached,1.0,,0.19911623382564622
659169.8422848918,2114.3705725156024,58.0,townhouse,5.0,1.0,0.3872379611533753
696486.9472216523,2237.2285404446075,10.0,semi,3.0,,0.3339218149172397
604961.614861216,1454.0116246597843,22.0,detached,2.0,2.0,0.33012662004530063
844240.8055952635,2135.7242223697,91.0,detached,2.0,,0.3317891740240134
515302.75018312933,2139.7126551448996,11.0,condo,2.0,3.0,0.3199816547508863
590739.0206464471,1470.2684273219502,71.0,semi,1.0,3.0,0.4056671602716236
485047.98168473574,1126.338940637403,41.0,detached,5.0,2.0,0.14944844412479077
525656.7417946152,1089.5230008610367,44.0,townhouse,5.0,3.0,0.25002190814403163
627047.0722641794,1851.903325152877,114.0,townhouse,5.0,2.0,0.13560485553494078
508170.54514675133,1996.205921273589,72.0,semi,2.0,2.0,0.05006975271647325
431215.56894983473,1324.4845017252512,73.0,condo,3.0,2.0,0.2573534333946346
460675.3942026657,1815.9512047956591,42.0,semi,3.0,2.0,0.878343349584274
674198.6053257374,2142.3222216830914,45.0,townhouse,3.0,3.0,0.27455078329184995
527420.5543409706,2170.9144287991803,82.0,townhouse,3.0,1.0,0.17830952442245063
672743.9607981133,2731.128072073493,4.0,townhouse,3.0,3.0,0.15636620977292054
892480.48952692,2566.188499318826,28.0,detached,4.0,3.0,0.5765919601893467
344292.01475489297,1199.2251403460737,72.0,townhouse,1.0,3.0,0.21467694959654748
686661.8719547836,2810.1517257228134,74.0,townhouse,1.0,1.0,0.4537160195472624
593776.4529179283,1481.4140972665712,11.0,detached,5.0,1.0,0.21433100913971134
770814.2226666707,2426.9236874726566,94.0,detached,5.0,2.0,0.07728973467103871
660645.7237189983,1840.7919756306533,,townhouse,5.0,3.0,0.4142854188621554
475902.16750720853,1552.7103729258195,28.0,detached,2.0,3.0,0.1302312753954063
318853.8699308669,715.3818841350403,90.0,condo,3.0,3.0,0.09194210690677475
704519.8312138632,1697.061293870191,118.0,detached,1.0,1.0,0.2863396057965878
237525.66692234064,,50.0,condo,2.0,2.0,0.28236168403392836
649239.9470946616,2380.3795415056634,,townhouse,4.0,3.0,0.2811229406781638
751968.7112417023,2710.075594283549,35.0,semi,2.0,2.0,0.32312281217083644
454206.28585377394,1321.853406421986,71.0,semi,3.0,3.0,0.2080018594189487
618144.8605863025,1981.1824455115627,,semi,1.0,1.0,0.35360191254144385
431258.67096399463,1364.7650867952148,58.0,townhouse,3.0,2.0,0.15940661099539966
492454.36017013865,1422.9091619179262,2.0,condo,4.0,2.0,0.3970101991031141
870807.6843365418,2264.696822319223,,detached,3.0,3.0,0.5099177854427456
540720.266112967,1776.8770428939524,51.0,townhouse,3.0,1.0,0.26243848456444735
720688.957979596,2843.788825158607,89.0,condo,5.0,1.0,0.4307300867827465
553826.0035149641,1510.6605127782475,106.0,semi,2.0,1.0,0.24671785302435303
674015.3589917015,2399.6017994846934,10.0,townhouse,2.0,1.0,0.33948987987408313
726658.3087176948,1858.4480477746692,29.0,detached,4.0,3.0,0.3839271986526009
498487.55085806863,2277.46680584654,50.0,condo,3.0,3.0,0.09255571229044503
660964.2920270882,1531.705405602032,68.0,detached,5.0,1.0,0.48238346897037776
696912.0297035084,1770.2646974690504,118.0,semi,1.0,3.0,0.3735477854944829
480445.9056650364,1730.7006724206392,82.0,semi,1.0,2.0,0.09827155589694414
319162.27542461106,1298.3657310925278,64.0,semi,2.0,3.0,0.12458734456647273
721321.079452615,2197.2489207490516,7.0,detached,3.0,1.0,0.229271052806
669329.439560431,2190.1494033470185,9.0,townhouse,5.0,3.0,0.20361840784282198
811772.1777656437,2156.13281694334,18.0,detached,3.0,2.0,0.42881335666870163
636874.6674422721,2722.1793923505866,79.0,condo,3.0,3.0,0.26622903990371294
754826.7868826934,2669.606880741782,39.0,detached,1.0,2.0,0.24853781935173613
504995.87807822606,1575.0331860905187,28.0,semi,3.0,3.0,0.11807520636109253
451385.53920756275,2023.831391060507,80.0,condo,3.0,2.0,0.10031573936655347
617190.909062519,,97.0,detached,3.0,3.0,0.12829801146509073
659452.3626869527,,52.0,detached,4.0,2.0,0.16399520444949092
471517.21344553865,1440.1503305286813,105.0,townhouse,3.0,1.0,0.1543287109161637
943555.2374302426,2772.0421854816304,88.0,detached,1.0,3.0,0.2779271909616785
501987.91914731445,2018.2188902057776,85.0,condo,1.0,3.0,0.26882526392614
690776.6059543919,1669.1825231373468,104.0,semi,1.0,2.0,0.5469990621020592
519833.20270235563,2516.171143113826,22.0,condo,4.0,1.0,0.024719404198557553
394901.80456849077,497.63075412275305,91.0,detached,5.0,3.0,0.032142463590043024
497991.45183992176,591.5384430808261,114.0,detached,5.0,3.0,0.14770912598556069
720603.9395834318,2277.5031931318645,119.0,condo,2.0,,0.14830321053678286
534042.4488316941,1836.2810688704208,69.0,condo,1.0,3.0,0.5845545781363252
610573.1411156915,1950.2677801564564,90.0,condo,4.0,2.0,0.31326436221912424
417276.0731680638,,106.0,semi,1.0,1.0,0.19575046497235027
614940.7362077236,1786.0597734897804,102.0,semi,4.0,1.0,0.26702794110656647
869370.0165706624,3002.105646240805,107.0,townhouse,2.0,1.0,0.42858451392396985
732468.6341491976,2294.5197718775175,99.0,semi,5.0,1.0,0.23623276884106223
812926.9314192127,1901.8239270856873,45.0,detached,4.0,3.0,0.42212638377880385
642229.2786755468,1536.5676539370374,87.0,semi,4.0,3.0,0.22369882845145111
517697.41438535583,1563.2562888783636,49.0,townhouse,3.0,1.0,0.31622864275342205
482219.0054690374,522.4812664799895,96.0,detached,5.0,2.0,0.36016543116849414
656701.7742954888,1954.5842525526964,,semi,3.0,1.0,0.31238551133682746
576660.2786598802,2307.2898650891125,112.0,semi,4.0,2.0,0.044002565749631385
461584.1507213751,854.6284036976309,70.0,detached,2.0,,0.2991286609014368
560563.1976127792,1403.1498646159105,57.0,detached,3.0,3.0,0.13164111102898696
453159.2665915582,1105.5212206599467,19.0,semi,5.0,3.0,0.14215331612418078
452493.64314393204,1220.789283114742,76.0,detached,2.0,1.0,0.18759574857518077
529551.1406668038,1832.0889760931402,,semi,1.0,,0.2201945745725557
408604.2679805104,549.3587070069154,61.0,townhouse,2.0,3.0,0.37120810625159517
451795.3494794196,2168.5622630142384,81.0,condo,2.0,,0.08893897194076761
958197.423074341,2252.3130419602094,102.0,detached,3.0,1.0,0.4909502604773053
472090.943680855,1649.3384471778525,17.0,semi,1.0,1.0,0.27743023803662825
341964.43889327534,400.0,51.0,detached,1.0,3.0,0.3635882782759875
349005.0029757441,1202.1488243985661,86.0,semi,2.0,1.0,0.07570755173838156
752001.2233680751,,98.0,semi,3.0,1.0,0.0890711184269666
296543.85842269275,400.0,93.0,condo,1.0,2.0,0.25522184732587766
634861.7436956036,1591.4859526838884,,semi,2.0,1.0,0.7967371234477475
498910.63229276956,1091.9995329196445,102.0,condo,2.0,3.0,0.47589569235351364
962894.7384617099,2282.742180950902,115.0,detached,1.0,3.0,0.6513053065753677
565245.572913022,1394.9316287139231,72.0,detached,2.0,1.0,0.2991666660942338
595523.9577724481,2042.372412441367,,detached,2.0,1.0,0.0472487238571763
477009.3102277166,2139.276251501456,67.0,semi,1.0,1.0,0.15117663023253267
953276.0581916176,2901.735503838012,85.0,detached,4.0,3.0,0.15442452516646943
537896.3072786954,1678.2348337947778,12.0,detached,1.0,2.0,0.21690229501980549
813063.292793903,2025.6266217735667,90.0,detached,3.0,2.0,0.37267332660894115
274448.7475684177,,65.0,condo,4.0,1.0,0.17247124140031866
691096.7387915739,2514.248137976246,112.0,condo,5.0,1.0,0.20345217716954062
662374.954767361,1343.6946911571813,25.0,detached,3.0,2.0,0.48992555676449234
593247.8780481828,1463.5475015473526,108.0,condo,3.0,1.0,0.45332592330956606
664667.7484400689,1786.6513230904736,53.0,detached,4.0,2.0,0.33855632672420677
453576.12242347916,862.2693927960903,68.0,semi,5.0,3.0,0.4200488613301681
620523.5150376239,1937.2620173573628,79.0,semi,2.0,1.0,0.300636611623187
838566.5686875122,2380.4797637550064,69.0,semi,4.0,2.0,0.5616821855185281
554081.0766484516,,108.0,condo,3.0,3.0,0.1955898650027041
462620.72073927947,846.6614614927649,20.0,townhouse,1.0,3.0,0.3431345247528067
589454.8211472307,1725.7144234022041,87.0,townhouse,4.0,1.0,0.3157089355926338
684946.5577707475,,116.0,townhouse,5.0,1.0,0.28670974865214194
259743.22095945972,673.2067404204553,26.0,townhouse,1.0,3.0,0.28056288983775873
568890.0725448068,1155.1403917093717,30.0,detached,1.0,3.0,0.47193094690678455
676634.9733940216,2325.926162448912,57.0,semi,5.0,1.0,0.1925332075205992
767469.5567201106,1962.057260518372,86.0,detached,3.0,2.0,0.1898832337954174
667499.8695989181,2047.1829492760523,,townhouse,2.0,2.0,0.4494061248075322
913315.3309677404,2915.696884573987,95.0,semi,4.0,3.0,0.34696564881281106
677089.0456427311,2081.1316671037216,95.0,townhouse,2.0,3.0,0.41519992275460976
493876.4411800662,2194.7328062599076,52.0,townhouse,2.0,2.0,0.1265708318032675
781884.3809367106,3426.447316330996,77.0,semi,2.0,3.0,0.09830450147576117
641212.3965608471,1671.7172651457056,25.0,detached,3.0,,0.3676819933132753
301655.60373587976,1321.270341828903,55.0,condo,1.0,1.0,0.14330785691526207
633590.1415350795,2056.6778389482797,22.0,semi,2.0,3.0,0.2685676380409118
774780.1559879087,2063.394617633337,3.0,detached,2.0,1.0,0.47244710278459834
616974.0927151525,1483.970764832275,102.0,semi,1.0,3.0,0.2742050122928544
376314.6240539227,1180.5617882670915,96.0,condo,4.0,1.0,0.1657667815926979
707976.7140680698,3185.906653254047,61.0,semi,1.0,2.0,0.2723472500133265
675217.027580913,1996.1060822328138,,condo,5.0,1.0,0.5357381964107332
453896.23300259566,1360.6287711587545,10.0,semi,1.0,3.0,0.29146398730589146
409669.255985911,2349.558181367759,13.0,condo,2.0,2.0,0.02936412056624481
446244.1719048274,,86.0,townhouse,1.0,1.0,0.21234614949574476
583970.4146177147,1648.2711322093012,24.0,detached,2.0,2.0,0.26733233110067234
581303.2703102403,2137.363723148696,30.0,townhouse,4.0,1.0,0.42462812148291823
481748.3343067281,1024.870639060986,103.0,semi,1.0,3.0,0.32528936838010036
838982.9311300555,2011.5763223503034,105.0,detached,3.0,1.0,0.3513686597234353
806653.0321061984,2947.7728846390514,,townhouse,4.0,2.0,0.315779894128176
672071.5347032497,,37.0,detached,3.0,2.0,0.11826155152499622
347562.49001668167,1574.2727377299213,69.0,townhouse,1.0,1.0,0.11684340742143355
480554.80484599667,1495.7368317430548,,condo,4.0,1.0,0.2401488966382468
510324.0369676305,1553.7960159929344,102.0,detached,1.0,2.0,0.060254950451089896
446523.6156373832,1647.6223931713314,10.0,semi,1.0,2.0,0.3028238158046009
492547.1918567937,1573.3160803450369,89.0,townhouse,3.0,1.0,0.1702942375795785
688409.2480994925,2349.78686464474,61.0,detached,2.0,1.0,0.08315420980517844
419781.0604568086,760.0745380746101,90.0,semi,1.0,3.0,0.39814175938180424
681828.5488594102,2317.20003024728,54.0,semi,4.0,3.0,0.10873776180309823
622825.0495674787,1572.1880849144634,18.0,detached,3.0,,0.36755581628800515
718351.6802104276,2026.1686714172233,90.0,condo,5.0,3.0,0.5599785526289519
463408.0646818624,1123.8072538794818,75.0,semi,3.0,1.0,0.13940267563998912
570301.4077388599,2597.1786401096615,55.0,condo,3.0,3.0,0.17151015746222883
635961.8734421115,2547.380976103124,44.0,townhouse,5.0,3.0,0.1266281409310421
538042.5473826871,2375.754315450044,41.0,condo,1.0,1.0,0.4269815638238557
413898.02683391894,891.1471345238764,57.0,condo,2.0,2.0,0.2933374295221982
620403.2285218755,2297.472642639632,31.0,townhouse,4.0,3.0,0.16557980426109745
732029.0112921145,2042.9130525814253,,semi,2.0,2.0,0.45685835621397203
418687.06031975226,836.8372517204594,33.0,semi,5.0,,0.22315458117297257
396855.9688031825,1785.4215697375107,,condo,2.0,2.0,0.1262591929024317
699793.0727023076,2018.7206934199576,111.0,semi,3.0,3.0,0.23048046836055347
589686.977558942,2133.6451642938905,28.0,townhouse,5.0,1.0,0.20089917118752113
486863.570036889,1906.3568201693133,19.0,detached,2.0,2.0,0.06705244435617377
439118.5511821128,,18.0,condo,5.0,2.0,0.053280359825654024
626825.9668085069,,118.0,townhouse,1.0,2.0,0.06783606129627302
583446.232891343,2535.6203459464077,,semi,2.0,1.0,0.08316135153923615
374196.97486440046,400.0,39.0,townhouse,3.0,1.0,0.3154069364589967
505775.32775514806,1609.5368670973908,48.0,semi,3.0,3.0,0.15432525402451314
593644.3921403241,1701.2093834736293,10.0,detached,5.0,3.0,0.1466135991875668
273692.95906204596,748.7408563638173,37.0,condo,5.0,2.0,0.11329538810102796
560463.508424716,1856.5098349393872,29.0,condo,4.0,3.0,0.2959821763952768
725126.6330787694,2549.2546634463038,96.0,condo,4.0,3.0,0.33850132457685406
555246.2466402926,1148.0592842456458,7.0,semi,2.0,2.0,0.3754605891283696
749378.5318266918,2001.8405632139234,51.0,semi,5.0,2.0,0.4305249248680271
734133.2859966358,1250.5059136221373,94.0,detached,4.0,,0.5041680691787267
398251.40396713134,1396.8527857921938,100.0,townhouse,1.0,2.0,0.10054863682851005
909160.8950388851,2686.436180502021,61.0,semi,5.0,3.0,0.5330942449017426
340924.5929744035,1474.465307932905,26.0,condo,2.0,3.0,0.14193441064243284
563875.0925686614,2077.3274934063747,40.0,condo,3.0,1.0,0.3220091822743433
383438.11656357377,677.2691303634077,26.0,detached,3.0,2.0,0.24638314545829826
556362.7665156501,2917.3905368369283,79.0,condo,5.0,3.0,0.04029442505418702
816908.6727356398,2161.5914677838996,35.0,detached,2.0,3.0,0.557533225979899
665552.1829292927,1690.500094409843,75.0,semi,2.0,2.0,0.5551684293630541
598357.2289653805,2145.327905999937,78.0,semi,1.0,3.0,0.22307709449929997
555864.2506478805,954.1083426313138,112.0,condo,2.0,2.0,0.6570315191135749
521512.5032219014,2509.5184450515944,,townhouse,1.0,2.0,0.2602301764803832
546718.582380145,1605.609134702142,115.0,condo,3.0,1.0,0.36378915044262183
559838.2298483737,1677.5582909709392,48.0,townhouse,5.0,1.0,0.32837183752562726
532609.1570840956,1505.0066310207094,81.0,condo,3.0,3.0,0.4389793406378534
559969.3684188274,1451.6091583526493,79.0,condo,5.0,3.0,0.43932932531508573
742178.910242716,2216.802366977045,98.0,condo,5.0,3.0,0.5077036071698809
524432.0626540645,1953.5441100625337,56.0,semi,1.0,3.0,0.20379459893804994
653720.2248645679,2191.048884841824,95.0,semi,3.0,1.0,0.21709526927982037
500055.7333774352,1794.7231863086572,42.0,condo,3.0,2.0,0.7679850447783093
537390.2464206002,2107.9198866463084,58.0,condo,2.0,2.0,0.5314093068599576
534758.1457938085,1548.690753644977,,condo,5.0,3.0,0.7455634462748377
608875.4993938091,3137.8391048457293,84.0,townhouse,2.0,2.0,0.042806188108289824
286693.78911169164,859.2417501417009,74.0,condo,1.0,3.0,0.2436538907636364
687669.0544404414,2556.5623941377908,9.0,townhouse,3.0,3.0,0.199441653290554
844329.0619883889,2620.7444704325826,97.0,townhouse,2.0,3.0,0.538007642934749
662111.3716458278,1288.7047164206438,90.0,detached,2.0,3.0,0.34615110054329806
807586.4665762313,3137.564166333584,12.0,townhouse,3.0,3.0,0.32263459146619317
729317.175568086,2397.294169767191,115.0,townhouse,4.0,1.0,0.2773002234858105
565843.1098954083,2382.683404093747,,condo,2.0,2.0,0.28487159569543846
457000.56778789347,1816.813312215526,10.0,condo,2.0,2.0,0.12886986652236765
344866.4009722882,1669.6643050687942,,semi,1.0,1.0,0.15845139508295994
599124.0691356347,1674.354703776235,100.0,semi,2.0,2.0,0.2950694321668555
582171.2727781546,2034.3183577917102,33.0,condo,3.0,,0.36812003135056276
654172.4623906537,,111.0,condo,4.0,2.0,0.19978787295066985
705773.0251610423,1908.7885307168517,50.0,detached,2.0,1.0,0.6468947639793213
449867.3168197883,,27.0,semi,1.0,2.0,0.2862281732536713
381628.2513970866,2294.656237430988,42.0,condo,3.0,2.0,0.053555324066035706
860472.2294393945,2352.690447836875,62.0,detached,4.0,1.0,0.4668036783261629
548060.4774370672,2192.795717068672,82.0,condo,1.0,2.0,0.4259550126770958
910162.0205394184,2247.2993439149895,111.0,detached,3.0,1.0,0.38861424063505734
593190.0094279891,1637.4431219053151,23.0,detached,1.0,1.0,0.27167825948671953
546076.7867719356,1242.6064997216522,115.0,condo,3.0,2.0,0.2713938768791582
455384.16455667774,1279.083941615532,63.0,townhouse,4.0,2.0,0.2046742021637621
494177.97323461744,818.7220509252852,15.0,townhouse,4.0,3.0,0.5353875861540183
529620.8789298737,1942.16916692757,111.0,condo,4.0,1.0,0.17695397721241934
609365.882289375,1749.930730064044,41.0,semi,4.0,2.0,0.3227279826737528
499073.2828700928,1536.0073772821747,74.0,townhouse,2.0,3.0,0.34068314385126897
409255.1900401793,400.0,,townhouse,5.0,1.0,0.2698990754892009
487169.9432078137,1051.6095181834987,1.0,townhouse,2.0,3.0,0.33170939229023527
775427.8630882845,2472.5043908419,26.0,semi,2.0,3.0,0.5411975056568461
546924.7064315877,1401.2243999621214,82.0,townhouse,4.0,3.0,0.13142730316743587
546898.4730604829,2016.355006594105,38.0,semi,2.0,,0.17034128081393426
322420.3168842956,965.5887420148463,,townhouse,1.0,1.0,0.2307226386330941
534509.9895027094,2663.2232894155386,2.0,condo,4.0,2.0,0.05621878600458147
623914.1046796393,1713.583403967194,99.0,semi,4.0,3.0,0.29974093632844845
493857.3443191924,1974.0242378901212,18.0,townhouse,3.0,1.0,0.2781894162256783
713721.0381566416,3195.4678751290107,12.0,condo,1.0,2.0,0.44103031696868783
663909.0543027271,2709.8640603536423,67.0,condo,4.0,3.0,0.48709803505406707
361250.45321363123,1616.0606272277653,14.0,condo,1.0,3.0,0.18327640205863507
469581.3319260608,1444.0678890777845,78.0,townhouse,3.0,2.0,0.20425864542205732
552917.7704806909,,65.0,semi,3.0,3.0,0.2688412394007148
688437.2985587645,2105.938949085921,77.0,condo,4.0,3.0,0.4886438789495319
492690.1451951023,1736.8655194494772,58.0,townhouse,5.0,1.0,0.1307173815342962
580302.2649475427,1562.853512997917,93.0,detached,1.0,1.0,0.29786622136220947
665991.3461584736,2680.3087504254254,77.0,semi,1.0,3.0,0.07248996573454208
464316.27223152,1731.4740649332978,49.0,semi,3.0,1.0,0.05739183229994791
584003.9716551425,3179.7534558223915,1.0,condo,5.0,1.0,0.08225760621439786
651243.7100285582,1854.4455382513038,32.0,detached,1.0,2.0,0.3040627767331159
640193.111889007,2871.1910365348367,15.0,townhouse,3.0,3.0,0.14359367771771453
515184.58772000327,2014.391653626376,1.0,townhouse,3.0,3.0,0.12343263445587441
768375.344956003,2377.776343949669,,detached,2.0,1.0,0.1484726534134777
518296.6750022729,1365.2333690893654,24.0,townhouse,4.0,2.0,0.32779021227034894
471717.2947661043,1287.744466447553,9.0,condo,2.0,3.0,0.4471912763015601
581366.6269544234,2075.8235730089923,37.0,townhouse,3.0,,0.32797191418917354
649866.7967034761,2393.131945479189,60.0,townhouse,5.0,2.0,0.13383112617256587
422938.2932995607,1824.1539012002777,,semi,2.0,2.0,0.055175088663772374
296359.8970004748,1028.1639989497817,32.0,detached,1.0,3.0,0.013363308636110186
637088.0217768193,983.8449802264038,2.0,detached,5.0,3.0,0.3741627106847443
302315.54736023454,943.7181586882554,6.0,semi,2.0,3.0,0.12377825326500219
463742.96900628594,739.4267322363714,18.0,townhouse,4.0,1.0,0.4422707547508604
692270.8122602344,1865.6912156682524,54.0,detached,4.0,2.0,0.6059963522901655
671878.9707607714,2475.0263530248153,79.0,condo,3.0,3.0,0.530390526833083
442404.1677123527,1791.9505278451147,94.0,townhouse,1.0,2.0,0.19443922476016445
421147.3691722932,443.7511455972886,75.0,semi,5.0,3.0,0.4713386724805442
545010.5609073495,1685.5437237992708,74.0,condo,4.0,,0.21172509808565126
705377.3169528879,1702.3206020204357,112.0,detached,3.0,2.0,0.09422592026980776
788372.0327897504,3057.5992501352634,30.0,condo,5.0,1.0,0.4918775124637925
514509.1138479819,925.7172522482663,,semi,4.0,3.0,0.4759572761395326
589355.9987799362,1565.5934384404825,,semi,4.0,3.0,0.1558294019750991
760843.8510920719,2823.5116083267385,,semi,1.0,3.0,0.2842419631348092
597480.873026815,2069.9870048079288,100.0,condo,4.0,1.0,0.18904063217745548
628142.2667588926,2137.987844109855,16.0,semi,2.0,1.0,0.4828902685996948
455025.7952075954,1868.750662214327,105.0,condo,1.0,1.0,0.1851270105523131
592171.7292414014,1997.9661231943587,67.0,semi,2.0,1.0,0.5043559308512275
712071.6722329085,2266.5657181671218,,semi,1.0,1.0,0.4480412037595065
408167.65822640347,1314.30820866434,7.0,townhouse,1.0,1.0,0.31644053194818617
742416.5322671549,2326.8351473449197,86.0,townhouse,4.0,3.0,0.39383753797885296
303567.88124610495,976.1981898686765,51.0,semi,3.0,1.0,0.06572906229658021
694266.2711977571,1997.020783698923,,detached,2.0,2.0,0.19659312210387458
541748.0683877905,1907.2445779717964,46.0,semi,1.0,2.0,0.37280985957563556
726285.4753044596,1430.2241470847353,118.0,townhouse,4.0,2.0,0.4729494909547921
709871.9286472125,1786.3888348046119,51.0,detached,4.0,3.0,0.5218890757554808
515791.86310262315,1426.4759084006682,9.0,detached,3.0,1.0,0.052798617974127306
274533.67951763823,,33.0,condo,1.0,3.0,0.2185058301050573
507568.3892609154,1587.8311550318133,17.0,detached,1.0,3.0,0.10288926469722946
379289.07542931166,1137.6068187770031,82.0,semi,1.0,1.0,0.06320640816848541
582575.2018315841,1993.6784784559488,96.0,condo,1.0,3.0,0.28934549322083497
520562.90884138696,1109.948703508582,,semi,5.0,2.0,0.12757311985226355
639782.9187153656,2227.186213794631,,semi,2.0,3.0,0.2988034416560587
502975.881292775,1091.112559242708,92.0,detached,4.0,1.0,0.20051350478856256
554371.852518427,1460.2230506513963,50.0,condo,5.0,1.0,0.34670096848939735
608323.2511129122,1425.2379550708927,75.0,townhouse,5.0,2.0,0.41029281813826723
623330.7607509259,2595.0880373249033,12.0,condo,2.0,3.0,0.23274364929414024
443371.5076872079,1998.173967369955,64.0,condo,3.0,1.0,0.13495519986668164
608993.3103624415,1672.9597184733634,,semi,3.0,3.0,0.3796567570861173
658127.0715790773,2099.231664641834,3.0,detached,1.0,3.0,0.0694715734848168
308783.46323711786,535.6845916021872,65.0,semi,4.0,2.0,0.11884443913331957
678470.2422491257,1774.1198462154555,86.0,detached,3.0,3.0,0.1932168564301357
547641.63689341,2998.508506682858,44.0,townhouse,2.0,3.0,0.06541940269652462
602226.3213236413,1879.4079038416035,,detached,3.0,1.0,0.05425051529959616
580414.4077562243,1840.7479015016013,,condo,4.0,3.0,0.3457829222069543
574975.8211847948,2128.8770277853178,32.0,townhouse,1.0,3.0,0.42927140657062834
751324.9903876502,2337.3631459886074,15.0,semi,4.0,1.0,0.2976806189187825
273674.1126931051,601.5199842660842,39.0,condo,5.0,2.0,0.0710766165170422
387143.7773665915,790.6041109253839,96.0,condo,4.0,2.0,0.14722322176281563
822746.29433185,1926.174774651688,112.0,semi,4.0,3.0,0.3747389156488868
607894.9292164036,1371.0740628614942,76.0,detached,1.0,3.0,0.325443082704595
829652.7613139007,2587.2151573319484,74.0,semi,4.0,2.0,0.4754534074776117
576539.7328488328,1610.8953660688658,73.0,townhouse,4.0,1.0,0.49333805270783354
435020.0400183741,639.2815585721293,57.0,condo,3.0,1.0,0.6248082510009083
342155.72207073984,1039.1916498936018,50.0,semi,3.0,1.0,0.1724036370330912
378966.9979254226,400.0,74.0,townhouse,4.0,2.0,0.27728440921942177
513340.06388829893,1659.5246776302524,94.0,semi,1.0,3.0,0.1414953686051541
567222.9151771405,1686.96952364137,,detached,2.0,1.0,0.16968986046433737
632218.6867535212,1545.3223741308614,67.0,semi,4.0,3.0,0.2621070303175321
817543.5012671431,2447.3274234178434,56.0,detached,5.0,2.0,0.19586612626240402
622885.4279302859,2519.111901910016,,semi,2.0,1.0,0.1406453272097568
575699.4929095218,1697.7669459863332,34.0,semi,3.0,1.0,0.3409546735510839
293491.8493124314,519.1837995138865,9.0,semi,5.0,1.0,0.13212983264185654
594378.1391959926,2170.368948295355,52.0,condo,1.0,3.0,0.38201374065968075
699721.3311084764,2133.216137105145,85.0,semi,2.0,1.0,0.3786986498155823
554831.8779452945,1985.634942094167,82.0,townhouse,1.0,3.0,0.2882362597455413
752746.9882917862,2388.8878495848694,118.0,townhouse,2.0,2.0,0.224610254639932
329899.4524014073,1101.103142123376,4.0,townhouse,4.0,1.0,0.09103801341090052
792968.6640966287,3005.253231711083,91.0,semi,2.0,1.0,0.25300481226886157
528712.246316541,1224.3433481148793,95.0,condo,5.0,2.0,0.3391744708491557
782623.747244718,2249.5337563205126,52.0,detached,5.0,2.0,0.13672221187203332
467957.2756895796,787.5913833519891,33.0,semi,5.0,3.0,0.36318383012714994
518841.31335424987,1241.8411876379696,42.0,condo,4.0,2.0,0.5043054063292963
850392.4844585343,2709.821188035202,81.0,semi,4.0,1.0,0.42746666179498144
578373.4059816288,1643.4601061994902,103.0,townhouse,3.0,1.0,0.7205486972078593
912993.9109583934,2303.9535630796786,77.0,detached,5.0,2.0,0.23345125306122064
495720.8392467152,1942.1732332315476,61.0,townhouse,1.0,2.0,0.30532252626095946
479660.1894709663,1737.0251063998965,78.0,condo,4.0,3.0,0.23664178275943523
603426.1484891077,2618.310194959614,8.0,townhouse,1.0,3.0,0.10812611089468571
384608.49217198003,1658.0047052088598,,townhouse,2.0,2.0,0.19715348580027775
276771.07717787893,731.5571354619177,5.0,condo,2.0,2.0,0.038433720861190936
703745.8936550553,1318.0559448289769,115.0,semi,4.0,3.0,0.4462935290462853
638735.0843575321,2130.7150372210167,106.0,semi,4.0,1.0,0.18609521196559745
652122.1089024061,2037.305463817505,61.0,detached,1.0,2.0,0.3053419584036168
251984.606697505,859.765049858737,44.0,townhouse,4.0,1.0,0.13393643374191588
508938.3291314223,1365.3944883550794,87.0,townhouse,2.0,2.0,0.299019517101333
379616.4792116347,1450.9671904786521,76.0,condo,1.0,3.0,0.2693787471621945
563578.2630304195,1580.718243531465,84.0,townhouse,3.0,1.0,0.33942795925178554
378060.9188903568,974.4518468390692,61.0,detached,3.0,1.0,0.12335745900158004
316572.67570913536,1422.977335128313,28.0,townhouse,2.0,1.0,0.08419654877513352
468907.9187501494,1362.8337088442836,,condo,2.0,1.0,0.4025826053128114
745353.505637102,2262.9199558571518,33.0,detached,5.0,1.0,0.1084642139242248
726320.9789106799,2285.4727865941463,63.0,semi,2.0,3.0,0.3074674653877189
568135.6065818012,1712.5137251467104,50.0,condo,5.0,3.0,0.44613405897756003
642637.6071500886,1564.776122477561,60.0,semi,5.0,2.0,0.48829157478761404
478462.115365886,1883.954587223468,33.0,condo,2.0,3.0,0.30109097258836454
535828.9540786552,1310.054935526655,112.0,townhouse,3.0,3.0,0.16225108655578888
484230.92911087675,,44.0,townhouse,4.0,3.0,0.4779369805947666
490809.87055974366,1235.8672746445698,101.0,townhouse,3.0,3.0,0.20603285771512703
297593.50712911686,1419.112101617126,46.0,townhouse,3.0,1.0,0.012455311619018587
402727.61111792456,1101.9157201246373,53.0,condo,2.0,2.0,0.33463828637176657
497204.4246727424,1897.2357354377248,72.0,condo,1.0,2.0,0.3437499983525159
681222.2252785447,2237.829404270225,31.0,semi,1.0,2.0,0.5182782461136006
271835.2781289107,847.7410195210549,26.0,condo,2.0,3.0,0.12022040610640303
513721.51661479566,1815.07722672962,45.0,townhouse,4.0,1.0,0.2624010886242824
628222.7338126038,1668.0385228401985,96.0,townhouse,2.0,3.0,0.5870201836253826
460190.5331087867,2004.9052113220816,17.0,semi,1.0,3.0,0.08296736783468739
524199.8250002718,1792.236739137847,52.0,semi,2.0,1.0,0.20054972072627797
442135.55921334674,927.8404320410215,80.0,townhouse,3.0,2.0,0.3605957894647061
527518.0109013906,1042.5664206857007,84.0,semi,2.0,3.0,0.45722296514904187
550574.0049458189,1817.6541453509835,52.0,semi,2.0,1.0,0.27997703850270234
599161.8339453967,2417.2685518473054,9.0,condo,1.0,1.0,0.2997030749464775
369997.5672896827,471.4875773741983,1.0,semi,2.0,3.0,0.2796401537736498
580587.8761275461,2007.4359478809479,56.0,townhouse,2.0,1.0,0.5782028267058602
943963.031915521,2513.773203172586,97.0,detached,5.0,3.0,0.29715363007779905
826539.1600687995,1708.184474276272,3.0,detached,5.0,3.0,0.4644714614178635
590645.4213643814,2130.1214976158644,106.0,condo,2.0,2.0,0.27653901219696075
512725.2985942523,1378.1585514613187,81.0,detached,1.0,2.0,0.3274833519324436
365628.29007717845,1728.3802804338738,0.0,condo,1.0,2.0,0.09355167564157496
340500.0518241758,827.451889015109,41.0,condo,2.0,2.0,0.29069784464965615
334399.9805308265,400.0,26.0,semi,3.0,2.0,0.4886628037717837
620889.4021945242,2365.6594807351653,113.0,condo,3.0,2.0,0.16312548827228657
521985.46149161673,1209.0030433653349,66.0,semi,2.0,3.0,0.58011926059905
464066.50723463943,1526.6832929979416,38.0,condo,2.0,3.0,0.33749507750198804
480752.72551027156,,33.0,detached,2.0,3.0,0.19704793512936178
391382.7591564174,954.0181781496746,67.0,semi,3.0,1.0,0.3527800522906352
695230.7597995942,1695.69737994323,0.0,semi,4.0,1.0,0.30669946624009914
295222.60383838596,1362.2536835186122,30.0,condo,1.0,3.0,0.07608312702725172
657655.0316773972,2026.782598796819,19.0,detached,3.0,2.0,0.09063274674617017
526832.8239712394,2071.523051387755,74.0,condo,4.0,2.0,0.164634709777495
574352.0879808748,1992.5097877947644,80.0,detached,4.0,1.0,0.06766716696449279
534587.3252746685,,56.0,semi,3.0,1.0,0.2446265456909894
634053.7108724896,2746.6609229591318,16.0,townhouse,3.0,1.0,0.2271476901452255
533080.4091168566,1159.4437385730685,44.0,detached,4.0,2.0,0.16923847357004873
568947.303509367,1767.0390802782495,101.0,semi,2.0,2.0,0.27262549987052437
601621.5890970399,2479.6138923117533,24.0,condo,3.0,2.0,0.46696305397021465
597250.6067972498,2558.723885602822,19.0,condo,2.0,1.0,0.37384370501847625
508075.2189319897,,13.0,detached,3.0,1.0,0.33728220537687015
604179.0585171581,1612.586735006478,98.0,townhouse,1.0,3.0,0.6226086009783491
661892.8086592471,2614.8726575203564,14.0,townhouse,2.0,2.0,0.468172960931773
665406.0332880927,2104.847463119439,69.0,detached,1.0,1.0,0.4304535688281032
674343.1915133888,1917.1578188878636,119.0,townhouse,2.0,2.0,0.25743807229567045
631051.9392674814,1669.3891839392059,77.0,townhouse,3.0,2.0,0.6722334738574715
469986.14421477134,1569.7194445753528,49.0,townhouse,3.0,2.0,0.24411699715745536
599526.4862498037,1972.9314378541944,24.0,semi,5.0,1.0,0.2721835805372247
407638.6986612249,1648.57552500931,0.0,semi,1.0,3.0,0.029549358756424445
610099.4921858342,1774.4528273733335,18.0,townhouse,5.0,1.0,0.33673674086855027
574212.0966081687,1847.1592236690224,114.0,townhouse,2.0,3.0,0.13725097738744998
717806.8472007305,1393.1570829039006,17.0,detached,4.0,2.0,0.5651331033287738
826464.0615475045,2119.277624328863,2.0,detached,4.0,2.0,0.25892744516991695
841700.4254220644,3548.546789049252,97.0,townhouse,5.0,2.0,0.10101719724175842
184329.97001666162,733.8080164043549,50.0,condo,1.0,2.0,0.21373812144988974
781149.8910936001,1994.407514513988,42.0,detached,5.0,2.0,0.5909308987147817
570704.5071635423,1343.8859468286566,86.0,detached,1.0,2.0,0.3887186135814445
542418.5847126046,2146.44154651155,,condo,5.0,1.0,0.7826250389675212
670181.8260047593,1827.9344839967166,109.0,townhouse,4.0,2.0,0.7753049085055894
511821.15875266114,2257.112864425478,56.0,condo,3.0,,0.201353447045367
548301.5980495934,,85.0,condo,2.0,1.0,0.37189418771537475
497685.7538166094,1915.4526706609088,105.0,condo,1.0,3.0,0.08496549585195826
721007.9767958388,2479.231373048507,55.0,detached,5.0,1.0,0.021347007195643645
367667.24585582776,400.0,,semi,4.0,2.0,0.32036529058396157
1028711.759203337,2754.271378749614,116.0,detached,5.0,1.0,0.19612207718087818
631118.6009164401,2025.037291135404,27.0,detached,4.0,2.0,0.1063972488545944
649177.6733704424,2446.706013447109,4.0,condo,5.0,2.0,0.1570588849762825
404366.9797155531,1068.0745530950871,,townhouse,5.0,1.0,0.1629289721641564
764687.5852088797,1301.5380710367986,118.0,detached,3.0,3.0,0.2858759029728508
694212.7993820357,1887.5629764868645,10.0,detached,4.0,1.0,0.3181813509867019
774924.6945265766,1789.7772663975222,101.0,detached,2.0,2.0,0.2737531127317193
714515.1009508625,1969.8411528059937,99.0,semi,4.0,2.0,0.42169166467247576
979626.4357710073,2450.7090965579796,111.0,semi,4.0,2.0,0.47478988735680916
322309.00116649095,740.8678108182905,50.0,semi,3.0,2.0,0.2297208492309483
572319.1549517293,2384.2914430303854,30.0,condo,4.0,2.0,0.14207448884401677
550019.5789467907,1804.9691459747562,61.0,detached,2.0,1.0,0.1346814437294502
511388.0341501058,1677.7308833252714,17.0,townhouse,4.0,3.0,0.10374943782810744
370422.52553400246,,101.0,semi,3.0,1.0,0.07577157430826721
512601.5666101147,2101.829201026119,,semi,2.0,2.0,0.11008640870675132
137580.59128151284,400.0,57.0,condo,5.0,2.0,0.08888554478317064
647832.5972934087,2189.0364067432274,61.0,condo,1.0,2.0,0.44907190673112524
499006.1925216505,904.7364987162049,,detached,4.0,1.0,0.24918984393620897
463183.9173557885,1832.0747475704845,62.0,semi,2.0,3.0,0.26404830072682994
641772.5460670807,1728.4986976032478,100.0,detached,2.0,2.0,0.12858161352442926
677465.1518495166,2501.72288837633,110.0,semi,1.0,1.0,0.09648506153157645
416264.54991527373,1692.806898591666,113.0,townhouse,1.0,1.0,0.05045710678157583
407823.9826194495,1383.5168633126007,74.0,semi,1.0,2.0,0.19138780017905707
633814.8737256727,1496.0383824172782,,semi,5.0,2.0,0.30759659568278985
857347.9933956288,2563.729661252798,37.0,semi,5.0,2.0,0.4299556363907732
605947.2099527637,2121.7781815085364,4.0,semi,3.0,3.0,0.11196770571627825
526584.2406684126,1568.6220110861032,48.0,semi,1.0,3.0,0.1967409580137858
723613.7218786916,1658.1321480212919,104.0,semi,5.0,3.0,0.2118745567837811
461213.5818578201,859.6937456487318,,townhouse,4.0,3.0,0.3803155893120024
726134.3490532099,2033.0845205109247,65.0,detached,3.0,3.0,0.40085990797968607
523928.09011985525,744.1105753827206,23.0,detached,5.0,3.0,0.6469545476040574
598481.9587023851,2251.077879501274,51.0,townhouse,3.0,2.0,0.21160921954782327
442758.76310561417,1877.1729554947594,17.0,townhouse,2.0,2.0,0.0929675403562397
922985.5980874029,3232.1710797443534,88.0,semi,4.0,2.0,0.25858572515982275
616259.1379219006,1139.9186677654166,97.0,detached,3.0,1.0,0.3211148625805697
682423.1657283274,1738.4027453756203,91.0,townhouse,4.0,3.0,0.6428675106828429
783661.2657771494,2878.9726205538377,84.0,semi,4.0,2.0,0.18741339166901072
756467.8673365437,2514.8337841748485,,townhouse,5.0,2.0,0.6561389793192848
623649.5515006897,1382.27276905206,63.0,detached,2.0,3.0,0.1892087345959875
639403.0607651579,1934.3804570240686,12.0,detached,1.0,3.0,0.3183827958876346
610081.3760190841,1801.1996138490524,44.0,townhouse,3.0,3.0,0.40144311825346307
700672.8672647165,,60.0,semi,4.0,3.0,0.20580693970499
396419.7012553847,1380.7917384091022,80.0,townhouse,5.0,3.0,0.03958285217252509
451870.2423074506,1746.4077583795593,11.0,townhouse,2.0,1.0,0.09844828557047658
399634.3185991055,841.1685748339718,97.0,semi,4.0,1.0,0.04541466230535395
566055.8156785457,1881.0740711208493,55.0,detached,5.0,1.0,0.0867925361348136
809138.6790543423,2070.012404053099,105.0,detached,5.0,3.0,0.07116799822721753
558355.9569879826,1663.5483524136696,63.0,condo,5.0,3.0,0.3328563795518638
567357.9784286782,830.9694656491273,65.0,detached,5.0,3.0,0.4605835401845335
596112.1476922245,2393.1191177108776,,townhouse,4.0,3.0,0.08150271465572183
672839.5432867149,2018.7150227956813,98.0,condo,2.0,3.0,0.3934088747067933
377495.17325409007,1364.3909413794138,18.0,condo,3.0,3.0,0.12181414899314409
493804.8702409301,1631.6397318971617,61.0,semi,4.0,3.0,0.10375105148883014
460651.63270254317,899.5983583308968,3.0,detached,2.0,1.0,0.3762643081770424
470681.7016429004,1184.7539233332573,,condo,4.0,2.0,0.5639660287003145
430863.738451174,1477.3131921857164,97.0,townhouse,3.0,2.0,0.12114001473753207
791898.3673806889,2537.0524873680906,103.0,semi,4.0,2.0,0.2559928749925041
371809.54864004336,1416.2979654675146,34.0,townhouse,3.0,2.0,0.07086093625208463
810369.0907970918,2184.1281955972554,46.0,detached,4.0,1.0,0.3776420049376419
396259.577337733,1477.0102782830522,66.0,townhouse,1.0,1.0,0.11663624230136924
582775.6234405232,1948.768536511125,47.0,townhouse,4.0,1.0,0.2989096072620465
602664.8175807863,1715.1626987137188,21.0,semi,5.0,1.0,0.3276893049298679
598517.3575547804,2323.833960055646,36.0,semi,5.0,3.0,0.07778457974051652
593846.6466344688,1479.1131970688652,48.0,semi,5.0,2.0,0.3085855278131534
496299.1779635899,856.4830499985354,62.0,detached,2.0,3.0,0.49945579771304344
465559.31822322926,970.8305811818204,110.0,detached,1.0,3.0,0.11873024884873709
477804.82368165976,1480.8735036343455,65.0,condo,4.0,3.0,0.20295386062959464
275578.0639561401,1050.5640175931683,46.0,semi,1.0,1.0,0.05233894735390443
702629.0737292701,2046.1272094077308,79.0,detached,2.0,2.0,0.19490339520988625
675604.367345925,,92.0,detached,4.0,1.0,0.3177432356128997
748149.3552126344,3224.763930015859,51.0,semi,3.0,1.0,0.20111242046717262
344596.3557221443,757.3712429177208,58.0,condo,4.0,1.0,0.31240506092533493
657662.7047303047,1922.1799072258807,26.0,semi,4.0,1.0,0.3083946327881205
358645.4204546608,1123.2281858965987,103.0,condo,1.0,1.0,0.19750765924212652
622134.8769438319,1503.9591957703929,104.0,semi,4.0,3.0,0.33763402281959204
546468.1010856732,1884.8516840043264,20.0,condo,3.0,2.0,0.25363967297668205
269112.978935876,404.7771750754279,41.0,condo,3.0,2.0,0.3234521494296976
647612.984458045,1942.0956700728166,32.0,detached,3.0,2.0,0.16193016935893415
1098169.6404855172,2941.7444773645007,110.0,detached,3.0,3.0,0.3833687279090299
508555.7484289617,1527.9370209788442,7.0,condo,3.0,1.0,0.47053499066700566
340844.4150614983,1955.8847140833057,24.0,condo,2.0,2.0,0.16782270871296603
657354.4791932881,2414.9530158752395,37.0,detached,2.0,1.0,0.045909354569965005
479888.26526228874,,67.0,townhouse,1.0,2.0,0.1594644117660198
418181.64393924375,1451.42388688111,29.0,condo,2.0,2.0,0.20529068881273702
221089.87078990706,434.5581577669487,64.0,condo,2.0,3.0,0.29548146494062205
730836.6301884521,,89.0,semi,3.0,2.0,0.16603625390977753
584923.0158198106,1732.0989541626616,99.0,condo,5.0,1.0,0.5266636893816529
413830.4826135645,1192.389689167103,11.0,townhouse,1.0,2.0,0.5269935915655078
564254.3502133627,1875.958026166616,,condo,2.0,3.0,0.35510471211126726
620385.0385399649,1449.7917859162912,11.0,detached,1.0,2.0,0.44160479097109945
665807.9105115045,1482.9443213306847,109.0,townhouse,5.0,2.0,0.35844495808127574
720406.5718017162,2163.7746936652247,78.0,detached,4.0,1.0,0.1842014197699223
397116.35979689076,996.9705532056932,63.0,semi,2.0,1.0,0.16571411740914863
844649.8846424832,2428.389171644255,94.0,detached,3.0,1.0,0.2638538621884442
320218.4133241289,961.3883021289578,70.0,semi,4.0,1.0,0.14312968760023637
548543.392426257,1402.3791549868417,28.0,condo,5.0,2.0,0.30725252558059907
745564.8295807356,2953.7677164399465,61.0,townhouse,3.0,3.0,0.26976302247544487
693001.5771466017,2476.4128569854533,,semi,2.0,2.0,0.1394633949159873
570678.8510392493,1858.562395497264,4.0,semi,4.0,2.0,0.08807687466362404
623556.7738801589,,72.0,semi,4.0,3.0,0.25327579784460835
458155.91201930284,1482.436615980064,59.0,townhouse,4.0,3.0,0.14778064234613006
483407.07228018506,1843.9651887514178,8.0,semi,1.0,2.0,0.12099282729587205
751975.2914855932,1822.513939403759,31.0,detached,4.0,3.0,0.2930239809806036
406622.34007904126,1745.4774422244222,53.0,townhouse,1.0,1.0,0.18772385313597723
598658.2687374419,1781.5004915494894,41.0,condo,5.0,2.0,0.3660635801948502
390189.65971472533,1671.3749341769314,,semi,5.0,2.0,0.08518085831271716
510923.61077941995,934.8127586159923,77.0,detached,3.0,3.0,0.28173175982849
559580.9885924268,1490.0935547035003,48.0,detached,4.0,2.0,0.15497884694516254
450142.51072669803,2348.774432392108,59.0,condo,1.0,3.0,0.11121732082751554
379388.7818682374,978.9994214693295,95.0,condo,5.0,1.0,0.15849028555435066
580193.073023159,1686.2666930764328,11.0,detached,2.0,1.0,0.12688794281079924
470337.935920066,1308.1476427374937,43.0,detached,2.0,3.0,0.15876345600450834
804616.1598070743,1866.8102576388667,8.0,detached,4.0,3.0,0.5925353433343444
619836.9012200562,1566.8200913599092,111.0,semi,5.0,3.0,0.09796197838313721
612421.1938119214,2686.4361989848016,22.0,condo,3.0,1.0,0.26482037324322333
883270.4107072954,2103.9498925141525,98.0,detached,3.0,1.0,0.3928215582344054
405417.24371002737,1012.9181005336732,22.0,condo,3.0,1.0,0.359855752682553
660187.9970245938,2202.7368069682193,38.0,detached,2.0,2.0,0.06999740056436879
467004.8575097524,1335.2088862427622,72.0,townhouse,3.0,,0.23426458431098834
533537.1217378203,1453.8021771734798,99.0,semi,5.0,3.0,0.07576719656286177
527451.1213881515,1988.2914120642731,21.0,condo,2.0,3.0,0.7243285750344121
597906.2690749281,1504.9515481619192,,semi,4.0,3.0,0.3926502045805091
754983.3331768229,2335.713489793773,105.0,semi,4.0,1.0,0.19131985957167583
588213.0171242503,1335.2939630919627,,detached,5.0,1.0,0.25779878915674487
328140.25829111243,1428.632068445182,25.0,condo,4.0,2.0,0.06616833720726233
649544.7789309885,1406.1774638711347,89.0,semi,5.0,2.0,0.5128632401636106
476436.8456992196,1460.6167509869767,10.0,semi,4.0,3.0,0.18566529479477623
717653.9753159353,2459.5149333286877,104.0,townhouse,5.0,1.0,0.2071341039707538
597508.8425321153,2177.277776166182,,townhouse,4.0,1.0,0.09297172640281447
928576.5407447282,2825.9663724072425,102.0,townhouse,5.0,1.0,0.5855437311116105
974997.274354889,3160.5865223395526,35.0,semi,5.0,3.0,0.37693808051967975
605151.3534831023,1181.5697808405962,13.0,detached,5.0,3.0,0.39494758367953187
668083.0740168346,1842.2514763963734,,detached,3.0,3.0,0.19672231005065913
518846.3268481693,1094.2798100139403,40.0,detached,4.0,2.0,0.234870159605112
630689.493562596,1333.4364433510398,115.0,townhouse,5.0,1.0,0.36128684550439644
526770.5958496436,1421.9504938465984,75.0,townhouse,2.0,3.0,0.4182687147307283
408374.87834053027,1165.7070755170355,113.0,townhouse,1.0,,0.16175895479271526
594133.2448484008,1168.8676362609517,90.0,condo,5.0,1.0,0.3758476415272167
729279.9004535789,1713.4293728878472,85.0,detached,4.0,3.0,0.3118815915468551
422474.43080140895,1069.9689489681557,13.0,condo,3.0,2.0,0.2882231467260357
531792.7163155833,2305.2761754825797,8.0,condo,4.0,1.0,0.6125103295581298
358579.48071933567,1249.3478775494914,5.0,townhouse,1.0,2.0,0.0852995661826041
769318.5198506389,3485.7413820578354,71.0,townhouse,3.0,1.0,0.12647153758136553
529410.6389796953,1529.1693294213628,24.0,detached,2.0,1.0,0.2859126900660227
757982.8990932998,1843.2105851502313,118.0,detached,2.0,3.0,0.22723254533552184
602781.45784495,1022.7952893203789,15.0,detached,5.0,1.0,0.5494748960160942
871951.7601252929,2823.6550548765836,113.0,townhouse,3.0,3.0,0.43915053679041255
687468.5267305479,2471.70040848175,80.0,semi,1.0,2.0,0.2463963824257993
697376.1769473457,1978.1495224416676,12.0,detached,2.0,2.0,0.2989293334665704
548400.1705154325,991.9184707322606,7.0,detached,2.0,3.0,0.22369983907143356
646983.479179836,1926.4001266347723,47.0,detached,5.0,2.0,0.1289029180659934
450144.1606182589,1127.1413723896471,40.0,townhouse,2.0,1.0,0.19196747416541515
724554.5223992757,2677.4131580840162,37.0,townhouse,2.0,3.0,0.30581925149027994
601311.3963218001,2285.5168391119037,63.0,townhouse,2.0,2.0,0.21520297244810996
595649.9511186454,1857.2634230926417,15.0,detached,1.0,2.0,0.2599254636909192
461081.93931839423,400.0,15.0,detached,4.0,2.0,0.551742669810094
470142.0314781746,1209.9504128045817,83.0,detached,3.0,2.0,0.04052132261682159
451978.8919619721,2212.6566789599233,118.0,condo,3.0,2.0,0.015372481964952446
611708.0729104135,2527.7302150338933,32.0,townhouse,2.0,3.0,0.3501830689275726
870473.160443889,2465.501886895279,111.0,semi,4.0,1.0,0.42740104660999545
307171.0341070651,844.7921986551268,41.0,detached,1.0,2.0,0.1131470999115569
611110.1036154225,1980.9313840877423,40.0,semi,5.0,2.0,0.21250728842777003
621145.5695111247,2409.3091298897575,10.0,condo,3.0,2.0,0.2444769409694838
321643.6834905854,804.9986606506529,,detached,2.0,1.0,0.1979137971510688
401276.9255308496,1795.2572907760582,59.0,condo,3.0,2.0,0.12263773473838158
615640.990949361,1964.3054389850738,79.0,semi,5.0,1.0,0.21013250492589297
564426.4556912634,1619.5412490919591,18.0,detached,1.0,,0.1838130909646081
340623.2564013518,688.7028867592791,22.0,condo,3.0,3.0,0.5550561100312309
493053.4073924075,1604.5811339557629,51.0,townhouse,3.0,2.0,0.2995122517275614
525268.3534890575,1603.6167418469856,8.0,townhouse,5.0,3.0,0.27836198390165756
638709.1180600575,1711.1565572713475,17.0,detached,3.0,2.0,0.2584748854629233
491975.430452287,1461.9171447449583,75.0,semi,4.0,1.0,0.10597147966513919
646281.1523770194,,114.0,townhouse,4.0,2.0,0.2385041712745012
483887.8100809044,1776.1762305918132,68.0,townhouse,5.0,1.0,0.14295721560970176
787270.0722286137,2065.4727629818267,,detached,2.0,3.0,0.37902859856746285
679584.3052525665,1617.3439422859997,118.0,townhouse,4.0,3.0,0.30078886754808437
405118.3697152124,1554.2106429791988,62.0,condo,2.0,2.0,0.09912326733633839
652459.395751418,1855.412422952675,86.0,condo,5.0,3.0,0.46008819277375357
253561.0169724553,647.450444462891,23.0,detached,5.0,1.0,0.14752910395837346
502933.14892580156,2086.221076335875,69.0,condo,2.0,1.0,0.20012116067827776
565765.1526526402,1799.6621417262247,9.0,townhouse,3.0,1.0,0.4439225345115596
788881.2405682071,1823.816115958537,75.0,detached,5.0,2.0,0.5208003443680052
784519.7818037127,2376.4405845566785,24.0,detached,1.0,1.0,0.39110607542383635
445245.776143282,628.310681971051,,condo,4.0,2.0,0.540771632585474
537663.8085805139,615.6996780846218,6.0,detached,5.0,,0.5157043777142918
845060.5412195827,1964.2823071941118,78.0,detached,5.0,2.0,0.40430936587042776
577479.1767924492,1795.7298869228905,16.0,semi,1.0,2.0,0.3389921038229554
595252.1394405215,1902.1061659151594,82.0,townhouse,4.0,1.0,0.34966649249853515
543001.2428920709,1522.7237548965327,59.0,townhouse,4.0,,0.7693629267741156
649629.1581561344,2198.612204543959,116.0,townhouse,1.0,3.0,0.2804562450382338
528532.2011682305,2359.583305794672,,condo,4.0,3.0,0.1082816538522182
444807.4994258813,2090.389376370916,44.0,condo,4.0,1.0,0.10625430164987677
719915.7896916387,1643.5029249572501,10.0,detached,5.0,1.0,0.34475994154617806
382377.67807091505,535.3863674313583,71.0,detached,1.0,3.0,0.4051961191304988
731093.130367596,2261.541724822277,52.0,detached,5.0,1.0,0.040852782737222905
767058.4849989273,2533.0371997305556,6.0,semi,3.0,2.0,0.3297298773450709
650597.3580683516,2186.735047190388,69.0,semi,2.0,3.0,0.25271225639881073
475174.3734744317,1272.2145435794962,25.0,condo,2.0,3.0,0.47794627496726916
755831.0355703101,,28.0,semi,4.0,2.0,0.4489998843662128
849310.8257848996,2316.3178247768674,1.0,detached,5.0,2.0,0.2137375764653055
460822.539394399,2735.2897486794513,,condo,2.0,3.0,0.1258022459423924
575246.289381139,1274.3340454632255,,semi,5.0,3.0,0.22648838373728655
536985.6857307809,1664.127249273517,8.0,condo,4.0,3.0,0.26544613280060386
555039.0482946034,2248.363230686073,52.0,condo,1.0,2.0,0.34956704480707534
482220.100711581,1834.4460428628947,26.0,condo,3.0,3.0,0.23558587377400073
300706.9929684211,1129.603438769235,16.0,condo,5.0,3.0,0.07417956857453446
590271.3704681942,2048.769771016022,56.0,detached,1.0,1.0,0.3364436729019272
528403.5537843831,2147.1969802891,7.0,townhouse,1.0,1.0,0.3341934755524544
756607.8158886452,1852.7777377986013,118.0,semi,1.0,3.0,0.472403213828545
584328.5260229602,1931.7509563079666,56.0,townhouse,3.0,1.0,0.25621326746119893
668133.0502363215,1644.776458988562,119.0,townhouse,1.0,3.0,0.43648845742839304
795029.3373808605,2686.9673614296357,105.0,townhouse,5.0,2.0,0.346888847119598
439793.6044769537,1259.584689772394,117.0,semi,1.0,1.0,0.13979607120952503
357925.4085029942,1447.6075423417326,,condo,1.0,2.0,0.08111380884838174
432224.33174332354,1806.5913081165154,50.0,townhouse,2.0,3.0,0.18095809095031562
636465.8334931922,2327.3724166205357,86.0,condo,4.0,3.0,0.08855670589262728
597342.5942069305,901.576097943278,9.0,detached,5.0,2.0,0.25920088618084436
507108.4691924611,1013.8219501407365,100.0,condo,2.0,1.0,0.2992257499386047
348707.7898436891,577.3628953591693,38.0,semi,3.0,3.0,0.2065154689068261
684859.366918101,1819.6171351519624,0.0,semi,4.0,3.0,0.6526472913537423
345840.8919618972,1129.0165096760736,28.0,condo,4.0,2.0,0.09289748211813081
523848.87250228843,1569.26993398925,29.0,semi,1.0,2.0,0.2743052282148587
732810.7969885104,,1.0,semi,5.0,2.0,0.3460669139988293
365912.78608340106,1415.074367530292,80.0,condo,5.0,1.0,0.09516238068322727
575180.3056498335,1938.7692136460187,11.0,condo,4.0,1.0,0.5203556725443048
603117.5271337234,1620.3972553489668,101.0,semi,3.0,1.0,0.6905877530302486
735340.8722617957,2203.2685890578623,54.0,semi,2.0,3.0,0.39941040781199655
675774.4877571235,2085.0768404088053,86.0,detached,5.0,1.0,0.0678299105080296
655453.9432648583,1384.839782295234,40.0,detached,5.0,2.0,0.3659522982549288
560453.9922849261,1698.8089479597284,15.0,townhouse,3.0,2.0,0.25160747404663075
761374.2124200946,2426.246038632297,21.0,semi,4.0,1.0,0.28794163852960747
573226.9823401901,2036.0261221524581,77.0,condo,2.0,3.0,0.7078935401859907
514585.1195809236,961.8227653493211,,detached,4.0,1.0,0.22595100133791834
569498.6856942831,2193.37083670283,32.0,townhouse,1.0,3.0,0.4344215526406239
430891.8670508469,1149.233626538257,42.0,townhouse,5.0,3.0,0.07010329310538069
880747.8463671613,2647.5078419766037,113.0,townhouse,3.0,3.0,0.3723127024806464
683028.6784709274,2414.459303904615,,detached,3.0,1.0,0.0618646453286326
619596.7842145467,1973.9312855510404,49.0,semi,1.0,3.0,0.21074986640964466
569484.7673710621,1894.339706061716,28.0,townhouse,3.0,2.0,0.4377081165868597
574773.6485157795,1674.580646383548,36.0,semi,1.0,2.0,0.43766116960187007
568868.5673180629,,64.0,condo,5.0,3.0,0.15555584346711746
544420.8824371404,1577.533098322763,,townhouse,4.0,,0.29768723546836623
612762.9503599831,,,semi,3.0,,0.3572122160861689
848471.4478753986,,7.0,detached,5.0,1.0,0.4441620179667005
670692.6422716131,1462.9160738846463,59.0,detached,5.0,2.0,0.28494844330845
558666.8700907162,1430.2843560055833,,semi,1.0,2.0,0.4392169477609126
388256.97028320824,1083.3807115653246,18.0,semi,1.0,1.0,0.5134763095927682
301735.18843402853,1161.3163523242965,49.0,condo,2.0,1.0,0.2407767540074922
238059.14676197973,702.9628131350986,,condo,1.0,3.0,0.2243466076816538
703503.7764962891,2237.8972734093177,29.0,detached,3.0,2.0,0.18199726992356868
737463.1995834021,2885.3487252496625,73.0,townhouse,3.0,3.0,0.2202074189880097
689953.2353704261,2655.197366082183,34.0,semi,3.0,1.0,0.28893881839016233
370106.21868143824,824.3493068240901,,detached,1.0,1.0,0.18611908423753412
813309.1803325752,2234.91280293372,119.0,townhouse,5.0,1.0,0.4749056775369179
767044.9689883966,,20.0,townhouse,5.0,2.0,0.5217179334202571
653932.8300462345,1525.9140115568016,22.0,detached,3.0,3.0,0.34254890898652796
738609.9633921968,1860.8684583900297,,semi,1.0,2.0,0.3882248915998376
125798.25354441894,595.2641695171977,66.0,townhouse,2.0,1.0,0.03866671625154838
752217.2436800839,1960.0417007859849,5.0,semi,4.0,3.0,0.29730602150910157
471995.43253605097,1161.8641623391695,50.0,semi,4.0,2.0,0.16455376523703275
642911.6959557944,1919.7810107469088,67.0,detached,2.0,2.0,0.18969013060802917
569948.3894528353,863.2782466866718,30.0,detached,5.0,1.0,0.4057900925057086
622000.6333147781,2125.7149346865576,65.0,condo,5.0,2.0,0.40282552794820875
667293.1392146213,2414.7076052560137,77.0,townhouse,3.0,2.0,0.27067236739681505
571119.2341605524,1330.0920829708994,30.0,detached,2.0,3.0,0.39960536378629524
468531.36993851705,1117.8464511537393,97.0,semi,3.0,1.0,0.12805634562619828
320083.35703145457,506.3861744700113,54.0,detached,1.0,1.0,0.5304365823767712
736034.0883227012,1640.1518795548939,115.0,semi,3.0,,0.48349265708352757
554979.9874126522,1451.043639431037,10.0,detached,1.0,2.0,0.21013687156652625
318149.87640268356,869.3883525911672,38.0,townhouse,1.0,1.0,0.1951029616768484
600031.1052044029,2071.811253787303,86.0,townhouse,3.0,1.0,0.36461723626359255
607854.5553591956,1530.0177708812105,107.0,townhouse,3.0,2.0,0.25704856926285763
394570.62722176034,1154.5584248128605,26.0,semi,5.0,2.0,0.11623418766961524
553750.8937535584,1467.2565566157318,117.0,semi,3.0,1.0,0.31311090629397154
759576.0418078203,2442.7827233577696,23.0,detached,5.0,2.0,0.11799317970660723
849247.2649828909,2161.7621662531333,49.0,detached,5.0,3.0,0.27261778047386376
451303.54763134656,1721.9843631009062,37.0,semi,2.0,3.0,0.07176665157238718
718876.1387038833,2171.4630110789117,50.0,semi,5.0,2.0,0.4260442153664104
515271.35384100047,1103.4528261679566,108.0,townhouse,3.0,2.0,0.2617430591394234
737119.8861982144,1819.4220604362183,,detached,3.0,2.0,0.32695980277467696
667208.740685226,1888.3933982918822,95.0,semi,1.0,,0.5277691398425159
396190.2394223234,1518.098094900764,30.0,condo,2.0,1.0,0.4861715477134807
693386.4228529551,2061.275001574451,113.0,condo,3.0,3.0,0.4110670843544476
268956.208166115,1331.7399272133293,52.0,condo,2.0,1.0,0.04660930903717775
661133.1180670318,2105.8924246656707,78.0,semi,3.0,3.0,0.382220951634032
707415.18707574,2131.115262918775,83.0,detached,1.0,,0.5709454105701438
277196.91946962435,400.0,79.0,detached,2.0,3.0,0.1394053221478942
823373.0815478646,2514.183422106071,72.0,detached,4.0,3.0,0.13686602023857267
337320.79643538775,400.0,57.0,condo,4.0,3.0,0.2754354079836222
474435.8089673218,1430.370584666325,77.0,condo,5.0,3.0,0.19390232505299906
730386.9745696464,2415.208820554653,108.0,condo,5.0,1.0,0.4974147502568782
458000.4483068005,1609.6279648485356,46.0,townhouse,5.0,2.0,0.11597618571893813
321088.08601354185,920.2884105182748,61.0,semi,1.0,2.0,0.1447915051938693
421001.54880433774,1143.7577629699977,21.0,semi,4.0,2.0,0.048349545186478673
413241.13805633073,2416.1434477923717,42.0,condo,2.0,1.0,0.21666280373462038
325143.6683422366,647.0972816708171,92.0,condo,2.0,3.0,0.12188885600040421
576244.2961760669,2477.3946605772103,76.0,townhouse,2.0,1.0,0.18383454068771438
525295.825352408,1766.9387405746263,25.0,condo,3.0,3.0,0.26844208987776136
516067.61609749944,1084.5628017345398,65.0,semi,1.0,3.0,0.6268924711288759
552400.0743455522,1450.1309566183854,97.0,semi,3.0,1.0,0.32517908986410043
422850.7860026666,1189.6653953390153,14.0,condo,1.0,3.0,0.2695715276674051
650716.3002611415,2319.735120515117,7.0,semi,3.0,2.0,0.2881088750942883
612895.0445609131,2239.456685857703,47.0,condo,4.0,1.0,0.5021155353112077
419546.0587072745,768.503319674372,78.0,semi,1.0,3.0,0.44317987310348717
519689.54841804877,1557.8447288883995,37.0,semi,1.0,1.0,0.5367541024344155
565996.0150779302,1282.0886025934337,98.0,detached,5.0,1.0,0.17880152326828047
763996.3708499396,2576.1059810756224,,townhouse,4.0,3.0,0.20827170883168894
431449.29715095006,989.9405291241474,63.0,semi,2.0,3.0,0.14602497921227678
715787.3223001447,2762.5374628110085,45.0,semi,5.0,,0.21556434407434144
485859.08471515676,,5.0,townhouse,2.0,1.0,0.19535190314982984
680682.8796859157,1102.8393561719474,98.0,detached,5.0,,0.39460093574771277
485147.35227742867,1393.6354895944332,107.0,detached,1.0,1.0,0.0727705143479115
488459.70457557216,,53.0,condo,4.0,1.0,0.2806780538046668
346048.28640415205,1035.2289587906964,61.0,townhouse,1.0,2.0,0.265645196858569
560848.4369140781,1856.8961158382253,90.0,townhouse,1.0,1.0,0.3980108939147864
435815.3604225763,1063.250669584894,83.0,detached,3.0,1.0,0.18699578718768997
314419.68398235325,491.7802747570868,16.0,townhouse,1.0,,0.45022726569432553
566992.3640754822,1572.1941174910962,80.0,semi,3.0,3.0,0.22924300092385277
445138.1216954959,718.2862821492704,110.0,townhouse,2.0,3.0,0.2017841989331566
517259.0300069177,1348.7034791594879,90.0,detached,1.0,3.0,0.18722704350883654
390043.44575012225,1254.5382668379864,57.0,townhouse,5.0,2.0,0.10880762827607744
431783.371042541,1277.2703567845115,62.0,townhouse,5.0,2.0,0.08816048849082056
945952.1747756397,3000.577860954092,31.0,semi,5.0,2.0,0.4447874666325655
623612.728576058,1833.8469403017425,79.0,detached,1.0,3.0,0.12269707013386488
475078.84008188156,1947.2226053971992,28.0,condo,2.0,3.0,0.07308982465172267
384384.8966058766,734.1610221946232,41.0,townhouse,2.0,3.0,0.30519270495442014
496947.9719448705,1407.6221198178469,31.0,townhouse,2.0,2.0,0.3606248965199265
484824.5045188289,1929.181577964907,40.0,condo,3.0,3.0,0.13911612240059315
506363.89828774345,1185.2826522521962,44.0,townhouse,3.0,3.0,0.2643476149908109
874919.0654908256,2344.8377061107913,9.0,detached,3.0,3.0,0.26711932411381645
472285.48326465423,1078.3820484593818,86.0,semi,2.0,2.0,0.5413239436335465
586134.0687109272,1628.1803184808946,52.0,condo,5.0,2.0,0.3890608419666344
738065.9607144371,1448.3690160146648,113.0,semi,5.0,2.0,0.5747128960887736
430907.51143537165,1898.5923956291497,21.0,condo,2.0,2.0,0.17555925943652198
565774.1844366104,1415.7059568867444,80.0,detached,2.0,2.0,0.4692943070293154
474999.8911682473,1637.4638237574377,21.0,semi,3.0,1.0,0.2718294165961068
560780.4118019245,1658.3219449332087,65.0,semi,2.0,3.0,0.32487211670374605
339913.79414349236,1359.3673455652195,58.0,townhouse,5.0,2.0,0.04591842920159922
759390.2856783287,2091.0563210982677,53.0,detached,3.0,3.0,0.3302806223742499
614163.1576019697,1943.0330249024553,78.0,detached,1.0,1.0,0.12282057031583557
448436.3766004585,1746.8316328480996,99.0,townhouse,1.0,3.0,0.08842468157423651
408788.55762779,1541.7249999228252,38.0,semi,1.0,3.0,0.09212209469377018
457109.66033544065,2277.926418311998,,condo,2.0,1.0,0.09794602975099147
489133.53991730494,1658.4994537114912,22.0,condo,2.0,2.0,0.34731235050298775
683407.0439710587,1615.9816273044378,35.0,semi,5.0,3.0,0.4761512023518199
605378.6476868775,1862.8140179328757,37.0,townhouse,5.0,3.0,0.4828951000695357
766053.3133053775,2817.9520097825102,114.0,semi,1.0,3.0,0.17277730916024278
401048.67535732983,995.7862751872776,14.0,semi,5.0,2.0,0.1847640630475799
522802.42716491385,2261.9141358332126,47.0,townhouse,3.0,1.0,0.10392506248312913
393714.1764781094,664.097303257137,50.0,semi,2.0,3.0,0.35862434218901906
771796.7044057676,1930.3638949371743,96.0,detached,3.0,3.0,0.25984692233883055
818004.5205695421,2745.0496965652383,,semi,3.0,3.0,0.5230816569326512
609680.6584005374,2093.2011146803843,116.0,condo,1.0,1.0,0.3090407012114997
633578.3087106124,1902.3750471238757,88.0,semi,5.0,2.0,0.12376764373968842
508722.28558214003,1463.7303187181546,84.0,semi,1.0,1.0,0.6425889579269887
583805.1366713044,1818.6283202931324,90.0,townhouse,1.0,3.0,0.5079351014238557
682829.8383377085,1648.7623107579861,19.0,detached,2.0,3.0,0.4682128651925481
469757.1590211847,1328.4140352411869,53.0,semi,1.0,1.0,0.5579647149445641
571783.7931734844,1626.074630715078,70.0,detached,1.0,1.0,0.1007786983905705
512769.20693879225,1919.0286963758638,25.0,condo,2.0,2.0,0.41972199859247633
479607.76564151613,,14.0,condo,2.0,2.0,0.5452296590146913
390161.427535597,1316.2309075891894,16.0,condo,1.0,2.0,0.24392314825394856
685147.4508089947,983.8539374446954,94.0,detached,5.0,2.0,0.40674257201683356
584921.667958757,2034.4350156533376,78.0,townhouse,5.0,3.0,0.16787451915065638
729335.5073094333,2127.1939571802363,33.0,townhouse,4.0,3.0,0.4431465411651173
618889.3185757404,1938.9962665419105,88.0,condo,3.0,,0.5695683614236497
962301.8981990808,2379.1022956371994,,detached,5.0,2.0,0.22354266450862012
547384.8515159077,1852.7205822484366,97.0,townhouse,2.0,3.0,0.13140611765378302
700227.1484563771,2035.206562419454,109.0,detached,3.0,3.0,0.0968807961372684
608518.015155214,1982.3024553825378,105.0,townhouse,1.0,1.0,0.372021799300594
513627.80999213154,1745.0759883490753,21.0,condo,4.0,3.0,0.1280546998602492
620811.2984560011,1481.5069031222117,92.0,detached,1.0,2.0,0.3210067930988252
921380.8468558121,3128.4915694751467,47.0,detached,4.0,2.0,0.14502855575092483
562698.1334783221,1528.829412087895,48.0,condo,4.0,3.0,0.3983604000269658
585518.2977354897,1400.4733733277383,77.0,detached,2.0,3.0,0.28387791091308795
632186.8066146739,2060.4058940700643,72.0,townhouse,4.0,3.0,0.28187680729427733
389883.1390231706,1951.112649177003,50.0,townhouse,2.0,3.0,0.03912132101694563
579916.1483407902,,119.0,semi,2.0,2.0,0.23247349171778384
575161.6476904382,2473.6069527382433,20.0,condo,3.0,2.0,0.3843686098156157
453117.8576100934,1743.4832547895,11.0,condo,2.0,2.0,0.21113134800182923
531785.0305880035,1133.4413428705677,3.0,semi,4.0,3.0,0.23879143035472847
759496.8751588212,2513.2704686123243,97.0,detached,2.0,1.0,0.09302687694765312
731591.3673324753,2175.4053429576925,48.0,detached,3.0,2.0,0.36252253357045516
510531.37424126646,1041.2748048312515,52.0,detached,5.0,3.0,0.25114353688102425
529896.8518177575,2866.309704154635,77.0,condo,2.0,1.0,0.06678304490121993
557826.9658793767,2195.2784210197156,52.0,townhouse,3.0,2.0,0.2549144491254289
517179.1335884491,1793.8823306249724,68.0,townhouse,5.0,1.0,0.33064764515127915
860552.1599056748,2754.1312833730676,7.0,detached,2.0,1.0,0.23792776530618745
404982.4444012294,1895.5786702977844,18.0,condo,1.0,2.0,0.2236146194828647
636653.9134256662,1783.1501549375807,111.0,townhouse,2.0,1.0,0.31912833322557976
416122.12857899716,1403.8199303868066,54.0,condo,5.0,1.0,0.17832553169254675
676863.8960009653,2149.110263584247,20.0,semi,4.0,2.0,0.30711080796806195
682978.5345548933,2085.961780394388,44.0,townhouse,5.0,2.0,0.527478702763638
470755.83623867447,1808.8080839338268,40.0,townhouse,2.0,,0.34642454466612
465029.0763907853,,,semi,5.0,2.0,0.1814197900939507
482357.28781265963,1877.9579124996444,35.0,townhouse,2.0,1.0,0.25184336729780965
579850.415231574,1758.1207285427172,87.0,semi,4.0,2.0,0.23932336319598144
470684.8871192812,999.9154087594793,12.0,condo,5.0,1.0,0.3153077899802481
241316.2039072922,916.9125892054886,37.0,townhouse,2.0,1.0,0.09240071749739606
517448.80043819326,2139.0920272858616,56.0,townhouse,5.0,2.0,0.139682516729234
314515.4262711802,400.0,64.0,townhouse,4.0,3.0,0.23574004297351478
768936.2916082487,1923.246316176756,105.0,semi,4.0,2.0,0.5791279019342154
529265.8472106714,1513.1501653477053,110.0,condo,4.0,2.0,0.20517111829877646
858406.9532868135,2584.947964127946,35.0,detached,1.0,2.0,0.5807312061002435
520109.5099491865,1503.9190745076746,64.0,townhouse,4.0,1.0,0.25936805655642
744626.5320221157,2195.6905285511375,2.0,detached,2.0,1.0,0.08452447462747754
591338.6937317734,1561.851695257325,74.0,semi,2.0,2.0,0.3086206220474215
466991.5248659752,1868.248892091686,18.0,townhouse,1.0,2.0,0.35373514784590204
634144.5488243607,2242.101918552031,8.0,semi,1.0,2.0,0.32378092019745197
509012.63549138716,,80.0,condo,5.0,3.0,0.2045201122386567
595822.8388806109,2397.9329306990426,21.0,townhouse,2.0,2.0,0.19338938210784898
390894.41014120943,1203.78127373611,57.0,semi,2.0,1.0,0.2719440513169651
486509.549834132,1976.7557055350273,12.0,semi,3.0,2.0,0.045839549772319084
579422.5782796239,2353.5838336727115,89.0,townhouse,4.0,2.0,0.1385429893806383
607260.5954528941,2196.022495074201,91.0,condo,3.0,1.0,0.5021505604165436
765940.6582976814,2949.866926041246,68.0,semi,3.0,2.0,0.25332832512994075
608731.19386981,1341.9364096136037,100.0,townhouse,5.0,3.0,0.32241118059870516
331671.22668333584,972.5104491908472,52.0,townhouse,3.0,2.0,0.2262614770167082
478973.1159977358,1203.3989349029284,,detached,4.0,2.0,0.04279755193124785
554123.444983173,2196.265539929062,18.0,condo,5.0,1.0,0.1689614898154775
585632.9713333441,2098.753760561627,26.0,townhouse,4.0,1.0,0.4901304463730516
510089.6163621286,1861.3539957884495,24.0,detached,1.0,1.0,0.06364669363075279
376269.5650429049,1126.225770535722,38.0,townhouse,2.0,3.0,0.710738128760125
752917.6555545703,2260.1203759974364,25.0,townhouse,4.0,3.0,0.43308402101823934
487482.57153339,1065.1771334096757,70.0,condo,3.0,2.0,0.32475196501149395
858186.1712008986,2495.36974942614,17.0,detached,2.0,3.0,0.37352321150277523
831731.7964444878,,74.0,semi,2.0,2.0,0.24509821987821653
692039.4499112862,2019.8706879429303,40.0,detached,1.0,2.0,0.5289636655515616
624143.7203746759,2149.864881394646,82.0,townhouse,2.0,2.0,0.4146873974217737
379199.02792789455,1504.2841386626644,61.0,townhouse,4.0,1.0,0.04934876325118024
443812.3191284959,713.8720073479102,108.0,semi,1.0,2.0,0.20188297739062191
533424.8262814684,,52.0,condo,5.0,3.0,0.24303506583623835
420923.20948478236,1144.2628553407503,35.0,townhouse,2.0,2.0,0.22921521746309617
560269.9000633948,931.7972541509906,70.0,semi,5.0,3.0,0.4830662583759887
773890.1358398496,2833.4159651973896,79.0,detached,2.0,1.0,0.14059762233122475
538825.7182360154,1963.7175108154638,52.0,semi,5.0,1.0,0.12870624295184394
571245.0642135111,2027.8125483683903,67.0,condo,3.0,1.0,0.5328133533302931
479116.81553884497,1614.5865808822502,56.0,semi,5.0,2.0,0.1300588397385979
434188.70099412877,1696.2773505339383,36.0,condo,1.0,3.0,0.2286422812314491
599309.8495930567,2378.7304093436,37.0,townhouse,4.0,2.0,0.11084606253470886
655285.7894050523,1780.5977287828707,108.0,townhouse,2.0,2.0,0.3623977192063397
683695.1639210669,2118.4163628148394,81.0,semi,2.0,2.0,0.32540464914336314
355427.2076630887,1682.3974212929904,11.0,townhouse,1.0,2.0,0.16251232798135504
828852.7369226436,1594.7082655607717,115.0,detached,5.0,3.0,0.2037030439653148
430066.0215185702,,85.0,detached,4.0,1.0,0.21533433985829062
381011.6105939773,613.3505625797231,6.0,semi,5.0,1.0,0.2186903731676562
635411.7593152267,1643.0628593601589,87.0,townhouse,3.0,3.0,0.3959958649613249
440535.29107919836,1833.8980151959397,70.0,townhouse,1.0,2.0,0.113364371563453
458912.07839528634,1028.3219779747255,109.0,semi,2.0,1.0,0.3213263938888262
418553.1565594967,1779.3150809792203,58.0,semi,3.0,3.0,0.019818818071364288
526461.3650323396,1832.2515377943012,62.0,townhouse,1.0,1.0,0.3835083665704491
360201.61154919147,506.3951963643725,37.0,townhouse,5.0,1.0,0.249990680235662
419260.4376091256,1250.9252043122992,38.0,detached,5.0,1.0,0.0654295272131455
616365.4383750866,2044.358336241281,74.0,semi,3.0,1.0,0.21539962530920437
566742.3444192361,2032.2352376374463,99.0,townhouse,3.0,3.0,0.19989662249750975
558615.460043958,1107.7950501601435,,condo,4.0,3.0,0.2891461986813991
507518.5782248397,1895.068830299841,92.0,semi,4.0,2.0,0.02211090229788811
617067.1996726264,2413.4443352162834,73.0,condo,1.0,3.0,0.5013490386973632
535753.1725605581,2266.2437753945387,,townhouse,3.0,1.0,0.1561236587181394
534517.1010277062,1742.8285277916393,40.0,semi,4.0,2.0,0.07315745132630615
547794.827904389,1519.2142120054245,92.0,townhouse,5.0,1.0,0.19051002403174255
395277.8403397286,1422.3933093992973,38.0,condo,3.0,3.0,0.19817021066355853
731457.6091257869,2080.691869745794,32.0,detached,5.0,2.0,0.1427006802707648
818451.6579275528,1917.0623838857327,104.0,detached,3.0,3.0,0.14039380422038925
547315.5953223495,2177.6424036613203,70.0,semi,2.0,2.0,0.043496058780545806
703132.734041472,,42.0,detached,3.0,2.0,0.3344103491500257
538420.5886807506,2291.2583702084653,103.0,condo,4.0,3.0,0.06138500182387939
619343.5863347464,1856.75551977462,115.0,condo,5.0,3.0,0.18719435163193254
639630.5326507177,2270.813229679012,38.0,townhouse,2.0,1.0,0.4534433040138775
455725.4612990608,2322.4936622199834,62.0,condo,2.0,3.0,0.1315006400128912
618237.4554741791,1317.284021865112,58.0,detached,4.0,3.0,0.3114752257179596
414230.8273637192,715.1135718775524,84.0,townhouse,4.0,1.0,0.17751553794944908
885374.301445943,2726.095713608732,114.0,semi,2.0,3.0,0.34988907399203406
608523.1897338305,1953.995238427357,65.0,semi,4.0,1.0,0.3519827734628246
516505.9847902778,771.3084627023271,95.0,semi,1.0,2.0,0.36470721808190854
562221.2433867315,1371.7083016687734,71.0,townhouse,2.0,1.0,0.4787009798385938
679828.5977767592,,106.0,townhouse,5.0,1.0,0.13013816914995188
652013.2799942235,1632.193901320264,48.0,detached,3.0,2.0,0.21301701731095254
563565.6182364898,1492.7631484085236,,townhouse,5.0,3.0,0.3369100728579122
520234.01512336114,2640.52911618778,50.0,condo,2.0,3.0,0.07165345467046129
581242.4178460675,1171.6277121697137,119.0,detached,2.0,2.0,0.2047548938474579
391720.3719903835,1321.1079853470997,73.0,condo,5.0,3.0,0.13783115564807658
738332.107574677,1926.8318850289606,18.0,townhouse,5.0,1.0,0.6512355596944047
691152.192652794,2034.2729592323294,4.0,semi,5.0,3.0,0.6846070871962361
468360.4217603706,2097.805820604439,62.0,townhouse,2.0,1.0,0.09654005415011266
786871.5111070664,2346.742826741368,96.0,townhouse,5.0,2.0,0.4035351833858928
510488.14773429744,1919.1471724089101,57.0,condo,3.0,3.0,0.1920220707950073
828405.1870818118,2093.6303633630455,67.0,detached,5.0,1.0,0.5091243135787754
753396.1467648335,1644.4744444109501,95.0,detached,5.0,2.0,0.3057747637003535
572781.2603861293,1837.6189819420285,61.0,townhouse,3.0,3.0,0.2799667125751139
682938.6461162181,1864.5205080321807,109.0,semi,2.0,3.0,0.2295301190982661
687653.6751608907,1929.0588814914217,76.0,detached,5.0,1.0,0.13809425775211032
710238.0034183051,2263.5238845496565,,semi,3.0,2.0,0.28985978022900916
624947.4823773936,2133.087409166899,93.0,townhouse,3.0,1.0,0.47642000601378487
775053.3149831766,1826.5302017401098,75.0,detached,4.0,2.0,0.21249142375634683
550418.021455625,1314.524409035376,6.0,condo,5.0,2.0,0.3664473663428178
579885.5364649361,1840.6027548376258,51.0,semi,1.0,1.0,0.5289500555043938
769469.814614837,1783.1893290625537,16.0,detached,5.0,3.0,0.573725654737801
657897.7772803884,1915.908947887919,61.0,detached,3.0,2.0,0.26794815322115045
574397.9016637633,3123.915184284241,17.0,condo,1.0,2.0,0.10183581428779247
603537.7005321139,1485.7363328752588,61.0,detached,2.0,1.0,0.5800747842720089
644004.9495249916,2053.3734114752156,41.0,semi,3.0,1.0,0.3130167329789508
605759.7981364838,2441.077240346579,2.0,townhouse,4.0,2.0,0.20495340148413208
575792.4897255442,1858.8011484596298,14.0,townhouse,3.0,2.0,0.18067776771661126
683277.1138238369,3202.707071503299,60.0,semi,1.0,1.0,0.047741419346548894
686393.2335502292,1573.176424961114,9.0,detached,3.0,3.0,0.3818391916510431
581408.3770312751,1994.4535333920282,102.0,townhouse,2.0,2.0,0.15431854593372776
495142.1409271057,1320.7165530642108,91.0,semi,2.0,1.0,0.19721181341847446
622731.0667933376,1589.085158914024,85.0,detached,4.0,2.0,0.25322626886761657
857832.3305873367,1949.3603462379947,20.0,detached,5.0,1.0,0.5870741310165075
663134.7860428202,2307.782437384638,95.0,townhouse,1.0,1.0,0.38112853756339754
750493.5715865577,1991.4569004141445,76.0,detached,4.0,1.0,0.38251645798115697
689115.4928656238,2555.4689096008415,46.0,semi,3.0,1.0,0.39420994622780037
700793.482027793,,0.0,detached,2.0,2.0,0.26692918174601976
438120.26016910176,1600.698882096597,63.0,condo,4.0,3.0,0.1054906707335345
772015.7855940401,3422.3910643676318,95.0,townhouse,2.0,1.0,0.16490827592545876
607983.0121100752,2036.5425896652184,4.0,condo,4.0,1.0,0.46436718875084476
536726.1608851984,1368.3110724128715,6.0,detached,3.0,1.0,0.27843574164584123
405425.845041726,1383.4417426511586,45.0,semi,1.0,1.0,0.17315935646575378
526799.892593923,1234.3920512811958,,semi,4.0,1.0,0.6107928408964117
695154.0568273036,2361.9416135140727,56.0,townhouse,5.0,1.0,0.394313386661921
600977.750031053,1581.3736242640548,51.0,condo,3.0,3.0,0.35385702782130224
753946.2562087281,1876.4174853938914,30.0,detached,4.0,2.0,0.29649021362737144
457902.9556862373,1761.8947953370387,7.0,condo,1.0,2.0,0.19359830115550974
743527.5831810993,,3.0,townhouse,2.0,3.0,0.2966817547133004
391370.6393317928,1291.9535442695878,11.0,condo,2.0,1.0,0.23251585469181762
547841.7485916619,1154.6566283141908,82.0,detached,4.0,1.0,0.23400054675064377
399029.241421554,1934.5783843089566,94.0,condo,2.0,2.0,0.050001448056246824
700825.3791022007,2160.575570819938,52.0,semi,4.0,2.0,0.4586004749047173
533607.8808488861,1999.5193878585844,9.0,semi,2.0,,0.33875402762381224
626749.7413424473,1314.3277625416035,49.0,detached,4.0,,0.3133837649211773
608846.6166752859,2206.4909052548364,118.0,condo,2.0,1.0,0.3579466533400518
494924.3917321398,1353.6834437426194,29.0,condo,3.0,1.0,0.603883839989567
527748.0600157585,1487.07681312817,58.0,detached,1.0,2.0,0.2267935691707656
454309.69968375773,1233.6278851667987,64.0,semi,4.0,3.0,0.11736971990280312
669509.6990861023,2580.6950091912186,39.0,townhouse,1.0,3.0,0.45137288622878347
714807.7005105243,2180.0529246164097,52.0,townhouse,5.0,3.0,0.26601339198422824
849185.3157648831,2162.996025407324,56.0,detached,5.0,2.0,0.27043271823463133
587173.0903111431,2548.3268526854704,56.0,semi,3.0,1.0,0.06252159914890147
952406.0002566517,3487.589548943234,86.0,semi,5.0,1.0,0.3880179310962173
458938.41675299435,774.4643376539067,69.0,semi,5.0,2.0,0.2076565565159712
395851.6919595506,1356.9740514737352,6.0,condo,1.0,1.0,0.4576425123734321
547527.7424552196,1430.2949494952857,0.0,detached,4.0,1.0,0.23983785249195347
443509.61301164725,1289.5082265703843,49.0,townhouse,2.0,1.0,0.31448785700913967
493357.75793401024,,108.0,condo,5.0,1.0,0.10547651933893915
469034.6022620738,,4.0,condo,5.0,2.0,0.15351805977166091
528185.4665490703,1070.037770826357,8.0,condo,5.0,2.0,0.4847637489660958
710560.4473407409,2001.0254205224478,81.0,detached,3.0,1.0,0.2714474506539819
693728.7248278524,1831.0189928571688,,detached,1.0,2.0,0.3943625257627914
433816.4188511413,2088.617198858193,27.0,condo,1.0,3.0,0.06310780972107516
516150.31646410155,2104.6370709829516,24.0,townhouse,1.0,2.0,0.25095620437652016
604898.175248482,2161.804112056006,79.0,townhouse,5.0,1.0,0.2572582944298368
402328.5313436673,1575.9546379056706,62.0,semi,3.0,1.0,0.13687403970599119
724572.1713278885,3072.6860415802003,76.0,townhouse,2.0,2.0,0.17867455042569927
553901.198690897,1940.6586698892586,33.0,detached,3.0,1.0,0.1107548551119206
351300.45757484884,682.509148425123,63.0,semi,1.0,3.0,0.25320103131180177
559663.4262294377,1198.5745525402695,103.0,townhouse,3.0,3.0,0.25253508491745025
378991.1811505964,755.6982065833106,37.0,detached,3.0,2.0,0.22377347786779936
710666.5638014291,1810.4007774907843,47.0,detached,4.0,3.0,0.2884323063605774
605082.7695361888,1726.9168655679998,19.0,detached,1.0,3.0,0.14507229173547112
656915.729949713,1518.9445812603253,76.0,detached,5.0,1.0,0.35715201828661813
560487.9387632775,3006.5556674403088,3.0,condo,1.0,2.0,0.20081330774492248
525818.2780176862,2129.3897244461464,,townhouse,3.0,2.0,0.1641524815405187
629537.0141667768,2235.659016867801,85.0,condo,2.0,2.0,0.31124979784741874
598672.518998002,1241.355907234738,2.0,semi,4.0,2.0,0.28019735517191025
635644.5488260426,1200.5130652013927,118.0,townhouse,4.0,2.0,0.4505514016807388
423138.8652869254,1822.0832994581729,,condo,1.0,3.0,0.2550014542203278
593943.6641913136,1903.8042837913356,47.0,semi,3.0,1.0,0.21406741896170456
195988.43760040804,686.2130597313258,64.0,townhouse,3.0,2.0,0.08191990120981055
495864.764279183,1691.8157862902794,76.0,townhouse,3.0,1.0,0.19144594987309496
511348.5703711649,1808.4432497241028,55.0,condo,1.0,3.0,0.48394231970522594
547232.8028267022,1670.9105005373226,106.0,condo,1.0,1.0,0.27504119303037794
617648.9781033362,1311.9657525919943,115.0,townhouse,3.0,1.0,0.2882759023583831
427928.94396003406,1476.278890847316,24.0,townhouse,2.0,1.0,0.3348145232334405
509911.2515315732,1693.8844838563223,84.0,condo,3.0,2.0,0.24893780573968946
479499.78582654434,1854.4800141660287,36.0,townhouse,1.0,,0.3027000174808299
701781.9449808099,2162.874949530341,119.0,semi,4.0,3.0,0.06870425525610536
551955.6505404836,2448.513722970523,30.0,townhouse,1.0,2.0,0.15059915322539716
465287.41797887586,1623.3913658836502,35.0,townhouse,4.0,1.0,0.20147785564517867
754363.902362429,1526.3062823307853,85.0,detached,5.0,2.0,0.5756200396868839
604370.3174966817,2062.5934041205837,94.0,townhouse,2.0,1.0,0.21461058016865525
572397.4690187759,2166.5069498465127,15.0,townhouse,1.0,,0.1816695227450364
434121.60152753757,1539.4797400446687,66.0,condo,1.0,3.0,0.24805177000872125
573575.228164501,2274.2360861797033,41.0,townhouse,2.0,1.0,0.28693112152606104
778040.161146753,2387.751204693584,73.0,detached,1.0,3.0,0.37625593925155987
663168.62997593,2575.011879395204,66.0,condo,5.0,1.0,0.19170119036755537
901574.9803606299,2866.9925440318934,118.0,townhouse,5.0,3.0,0.23835303871812522
569704.6988086207,1280.1503168043366,112.0,semi,5.0,3.0,0.08574613597328826
592543.9185991266,1808.3389255995066,78.0,condo,5.0,3.0,0.27952776479690356
648624.8655838387,1806.7666179711962,81.0,semi,3.0,3.0,0.2818563375751179
627213.8555775336,1741.1558588804955,107.0,semi,2.0,3.0,0.15190576263777147
437110.6272255832,1410.4422482339182,22.0,condo,3.0,1.0,0.22301776395407213
484600.2158999714,908.6627980613571,87.0,condo,2.0,1.0,0.5197081695542538
587334.0559562253,1855.6076676174023,92.0,townhouse,5.0,2.0,0.12974260779756652
608919.0366994004,1338.9866042712524,15.0,semi,3.0,2.0,0.3688109560534847
613682.4576401007,1851.596088448575,105.0,condo,2.0,2.0,0.3035420570377035
687456.4414367153,1323.573874980688,83.0,detached,4.0,3.0,0.563513032747149
320569.03594495764,1140.2049924933951,41.0,townhouse,2.0,1.0,0.28665110768302743
458536.73049294774,1940.5790162261387,58.0,townhouse,2.0,3.0,0.08065226515414647
595293.1378966635,1890.5529160838976,58.0,condo,2.0,2.0,0.4788914819825736
668596.0949782316,2147.56918279256,110.0,semi,1.0,1.0,0.3383713187449852
804835.9173674547,3111.5182598505753,,condo,1.0,3.0,0.44064245831182486
725833.5142050303,1966.373718726508,96.0,detached,3.0,1.0,0.201960147415015
587663.8342493394,2091.049060238478,,condo,5.0,2.0,0.15421761606737605
552460.7091047869,1153.4632026796048,12.0,detached,2.0,3.0,0.6439252837648161
511595.88550442003,1027.8555356781753,109.0,townhouse,4.0,3.0,0.2614793752664426
864765.6607862125,2749.697668064,16.0,detached,2.0,1.0,0.7876746055701951
317587.9098993071,1245.9121320400177,20.0,condo,2.0,1.0,0.20690350615088623
318720.55682003824,1173.6335571188147,8.0,condo,1.0,1.0,0.38152709100309473
842416.2441128201,1776.5406472700681,113.0,detached,3.0,,0.30612224519703674
561467.3400666988,1745.8845519735669,59.0,condo,4.0,3.0,0.2598113628888649
488829.08584996115,1258.496096134025,28.0,semi,2.0,3.0,0.1494374194149924
493875.38553946035,1617.01606877214,9.0,townhouse,3.0,2.0,0.13768492314514996
899802.652880872,2537.6254305900625,49.0,detached,3.0,2.0,0.402884021922469
624103.023508715,1316.4038347009214,86.0,detached,2.0,1.0,0.5157384063262299
605875.5955448485,963.796509380297,119.0,detached,4.0,1.0,0.27685928519158753
655859.4309463949,2365.556172539875,66.0,townhouse,3.0,1.0,0.3236816050763823
596026.9971403381,2095.378147162822,72.0,townhouse,1.0,3.0,0.4631227988253519
391608.20956748235,1427.688827610803,100.0,condo,3.0,1.0,0.14777366175652273
526726.7883123381,850.6997903238492,108.0,detached,2.0,1.0,0.64606597558448
607658.0658653508,1353.225986136862,33.0,townhouse,4.0,3.0,0.5706081186304751
771240.423060371,1767.1773378904372,119.0,detached,2.0,2.0,0.5173097910432838
616090.5248575815,2499.4032539302916,62.0,semi,5.0,2.0,0.08353558819626596
653830.98126711,1178.050815078206,111.0,detached,4.0,1.0,0.2580822991065159
567832.8357811827,1749.2880710931158,14.0,detached,1.0,1.0,0.23403964583394912
512810.9966309358,2205.086795936939,11.0,townhouse,3.0,2.0,0.04065026643711259
361017.1278611198,400.0,106.0,condo,5.0,2.0,0.06228951720974076
581368.3185525705,2420.27170076334,80.0,townhouse,2.0,2.0,0.12159501027825988
352218.7638390482,1090.5296566761376,21.0,condo,4.0,1.0,0.21313363369199056
686247.4597944624,1999.1972960741607,107.0,townhouse,4.0,1.0,0.20380870371235132
807298.0590362907,1948.0098897664463,12.0,detached,4.0,1.0,0.5379124978304505
547950.4896328904,2450.751834878307,,semi,1.0,,0.02464638555297608
547293.9260794405,2130.5546285361243,24.0,condo,2.0,1.0,0.4919622398537438
234632.64018635478,400.0,,detached,2.0,1.0,0.08976061656432235
536407.1180553223,1329.1324517064052,,detached,2.0,2.0,0.16784318060332618
605491.7749015365,1882.923077611968,,condo,5.0,2.0,0.412594541431512
556197.9184263541,1683.0120683281277,12.0,detached,1.0,1.0,0.14372643529995946
510213.12586817157,2086.5664378540623,11.0,condo,3.0,3.0,0.1104419973604703
470050.3194828994,2273.6199334018233,73.0,condo,5.0,2.0,0.14534761667850554
663097.8461686139,2165.0710418578074,3.0,townhouse,5.0,2.0,0.21023320419565392
684442.49299327,1671.435034467321,89.0,townhouse,4.0,2.0,0.3495459908032534
542854.5696088967,692.1977933277118,109.0,detached,5.0,1.0,0.45027884459241035
506365.30852253624,1526.7112506871097,90.0,semi,3.0,2.0,0.1305671654004639
592746.4216772472,2049.8208888833733,27.0,condo,4.0,2.0,0.45583517618078595
468851.9152256674,1145.7316484697135,22.0,condo,3.0,1.0,0.315581137845033
566993.3165746739,2178.7648380729456,81.0,semi,1.0,2.0,0.06461284393398883
472262.9863365549,2345.0359783603826,7.0,condo,1.0,1.0,0.24832522536864132
620453.0745065245,1876.1201857775056,64.0,condo,5.0,2.0,0.43954617125963397
384491.04050027975,400.0,53.0,detached,1.0,1.0,0.34355769940960756
437569.9426665982,1033.146982372918,89.0,townhouse,2.0,1.0,0.4397935942343543
748465.2523474938,2931.713495133649,24.0,townhouse,4.0,2.0,0.2977985549987296
607756.9401049298,1472.0773241829731,91.0,townhouse,3.0,2.0,0.5547278997600728
305264.4207604129,609.5140661226025,83.0,condo,3.0,3.0,0.17450034159830136
727594.816219925,2541.1484329861632,28.0,condo,5.0,2.0,0.316968504031561
559847.0390594887,1808.0133549262036,42.0,townhouse,4.0,1.0,0.39360774283807093
766997.9010210857,2462.9642933746354,7.0,semi,5.0,2.0,0.566390174327549
487010.75403070956,1966.1752051316191,53.0,condo,4.0,3.0,0.1711050828273117
504521.89594202174,2075.1354817273013,31.0,condo,5.0,1.0,0.11199177951742698
618634.4931494119,,13.0,townhouse,4.0,3.0,0.34013421338110617
533836.4495876624,2218.4929871526,67.0,townhouse,3.0,2.0,0.0933711537326993
919371.2977794664,3166.458269133659,68.0,detached,5.0,1.0,0.044833213943613906
679370.7715228819,2382.603801575513,10.0,semi,5.0,3.0,0.18242017762974558
402462.9353085548,,22.0,detached,1.0,1.0,0.4053327398254162
564975.0044170809,2067.996909167342,,townhouse,5.0,2.0,0.08551723659384904
621475.0255587099,2484.8884608619305,81.0,condo,4.0,1.0,0.2100980725473743
816168.1353106198,2521.6204839216875,40.0,detached,5.0,2.0,0.1884087090893859
483573.95820691495,1544.0370101645403,8.0,condo,4.0,1.0,0.7868746251055396
744388.4843845415,2498.9666671128766,22.0,detached,5.0,1.0,0.06765277014748776
956222.0302124884,2356.645439730723,117.0,detached,2.0,2.0,0.6710512552212637
660811.9725717929,3343.510462181838,30.0,condo,1.0,3.0,0.2220105768052618
469343.5313448713,1349.998958250893,82.0,detached,1.0,1.0,0.17389477416684504
485233.6770113127,1495.559654159745,56.0,townhouse,2.0,2.0,0.28118815748737813
490979.36152338225,1616.3285709240276,21.0,condo,2.0,3.0,0.6298900909277271
514294.8411605924,1505.866709976735,36.0,semi,3.0,1.0,0.25241935095424495
596666.6806076482,1265.9875501418383,1.0,detached,1.0,2.0,0.4647902523133663
312705.25371159194,400.0,,semi,1.0,3.0,0.05971170566931548
493134.4405567428,1539.1803157661195,40.0,detached,3.0,3.0,0.049065994621185556
624283.7332707098,2021.6148358199428,59.0,townhouse,4.0,1.0,0.45021011327096866
355292.4391410089,1504.0668926964536,18.0,condo,1.0,3.0,0.1769941028203694
682710.5962464876,2961.2287101174657,98.0,condo,3.0,3.0,0.2545776602450012
540261.0909471785,1808.0254876295176,26.0,condo,4.0,2.0,0.6466082662167564
630698.4070461126,2574.617433110481,67.0,condo,4.0,2.0,0.21256354031968638
639138.7272501837,1956.852247637981,104.0,condo,1.0,3.0,0.42753856822485975
607347.1484788095,,85.0,condo,4.0,3.0,0.17803198475578283
541395.7225064235,1967.5449323601374,72.0,townhouse,1.0,3.0,0.28759262441126526
554998.887686272,2621.2707791421376,106.0,condo,2.0,3.0,0.06252529993189021
582157.0576003891,1833.5636100794404,21.0,semi,2.0,2.0,0.4914943161999851
812710.9231136729,2097.6724248532714,115.0,semi,5.0,1.0,0.4826377209284567
464090.09538534033,2019.7997601900263,66.0,condo,1.0,1.0,0.4939828401432713
537458.4597114397,1627.0287251236086,49.0,semi,4.0,3.0,0.06770152644231739
788919.5771473586,2042.989391354806,30.0,semi,5.0,2.0,0.41213166054970457
1016181.5758380706,3140.6317477186094,89.0,detached,5.0,1.0,0.44484718464268375
567087.4814660593,1637.761834742735,,semi,2.0,1.0,0.12063641026315725
581344.4729188734,2051.678935711949,82.0,townhouse,1.0,1.0,0.3585938036026122
635769.646529592,2554.667370521666,3.0,condo,2.0,2.0,0.3672350447603752
688734.0937102686,2484.151968566568,56.0,detached,4.0,2.0,0.016921032745364818
523220.6745552296,1807.0298506316192,87.0,townhouse,1.0,2.0,0.17260514302274152
339306.6526168737,400.0,47.0,condo,4.0,3.0,0.25386492933271454
525320.6447020764,2110.02169118908,92.0,condo,2.0,2.0,0.11657187275343388
235484.88954850959,468.3154448261684,84.0,condo,4.0,3.0,0.04958127066996846
886597.8135481257,2681.9623385647387,8.0,detached,4.0,3.0,0.30670152577335374
502025.4222667485,1901.6843227159563,,semi,3.0,1.0,0.0677862000987882
510027.07926902256,2399.8044119231936,20.0,condo,4.0,1.0,0.1943373606991358
566862.7514573288,1258.7333170913694,58.0,condo,5.0,3.0,0.657539074299086
153955.98217886523,868.4955160199673,46.0,townhouse,2.0,2.0,0.050284660179484
606931.5695843643,1956.4526304847004,96.0,condo,3.0,3.0,0.36813567911469613
572804.0189435261,1779.8379360263148,104.0,townhouse,4.0,2.0,0.1795799935602549
564475.5083349228,1505.0755043057006,55.0,detached,5.0,1.0,0.1556358349173098
557574.9290195243,1850.7967684396583,64.0,condo,3.0,3.0,0.3370286389705057
1014235.6980606238,3460.461535219356,75.0,detached,2.0,3.0,0.16361094481479996
777045.8528711048,2300.7153284214346,78.0,semi,5.0,2.0,0.28554872571956336
967255.8233276636,2429.699163517991,76.0,detached,5.0,2.0,0.507032774039809
693156.4712092928,2306.3621349320133,93.0,townhouse,3.0,1.0,0.6113152910580396
1072940.1642548477,2687.6772863113156,117.0,detached,1.0,3.0,0.35859197579735974
641892.503025327,1685.956996259553,99.0,townhouse,2.0,2.0,0.3383180454821747
309234.64328117785,567.1432153948238,16.0,condo,3.0,3.0,0.2222260546647816
435644.43883215124,1686.848320196394,57.0,condo,4.0,1.0,0.1801305632562947
641263.4343345317,2287.041425997901,55.0,semi,4.0,3.0,0.15483415472126535
418211.4605864065,1218.1197629309559,61.0,condo,5.0,3.0,0.11267279166468432
477439.44864753826,1694.1804297064018,63.0,semi,1.0,3.0,0.2291845433793106
387256.17834958684,1384.9381541986122,,townhouse,3.0,2.0,0.09345718699484368
624587.674788523,2701.217551105878,50.0,townhouse,4.0,3.0,0.25862204783763854
801544.6881855284,2249.674209243938,31.0,detached,5.0,2.0,0.27079738158780325
694297.8283887816,2190.9243723863756,54.0,detached,1.0,3.0,0.12440855552227138
852352.1503159367,2172.960787872583,102.0,detached,5.0,3.0,0.1848996237841276
391225.9837040101,1777.6504484687239,37.0,condo,1.0,3.0,0.15332709958577898
530568.375881039,1918.5337695165022,2.0,condo,1.0,3.0,0.3119287914683607
607165.3473682199,,117.0,semi,5.0,1.0,0.4159234383396157
310628.1432635398,488.1348127496595,23.0,condo,4.0,3.0,0.18435453057462545
794597.3855709583,1890.0486782070145,72.0,detached,5.0,3.0,0.2367691240546281
634631.4845001599,1994.3941537632866,96.0,condo,4.0,2.0,0.3181508007915742
786842.5957569098,2525.5587410552266,32.0,detached,4.0,2.0,0.06630066308544802
977663.6892240639,2742.8014896494205,40.0,detached,3.0,,0.37223664486447255
557302.3756355416,2741.999090999368,33.0,condo,3.0,2.0,0.10549742782927468
340202.92635493906,1201.1858440236733,17.0,semi,3.0,2.0,0.06162779593281022
512552.82525209256,1588.6409790301384,18.0,semi,2.0,3.0,0.23685792873208564
732568.7263983351,2088.2005775288276,22.0,condo,5.0,,0.49732363068149016
799620.178560474,3319.1428066453063,54.0,semi,2.0,1.0,0.23028138573551346
631408.0120773766,,63.0,condo,4.0,3.0,0.19487223264014317
875038.9597540295,2471.6382971990283,1.0,detached,4.0,1.0,0.4750693114177951
619283.7769780668,1567.3272266704257,101.0,detached,3.0,1.0,0.16649612394724575
529843.8102989038,1270.0802213069253,81.0,semi,4.0,3.0,0.15656636026500972
478372.4180300349,2273.3447300299435,8.0,townhouse,1.0,1.0,0.1048875793870019
556515.749965615,,101.0,detached,2.0,1.0,0.3539098357233553
688085.297234933,1656.9381894118185,3.0,detached,3.0,1.0,0.5056335018076992
595969.6366347414,1731.1332305988465,67.0,townhouse,2.0,2.0,0.6585784028835173
810253.2114847263,,55.0,semi,5.0,1.0,0.27420060391225465
521583.750779836,1587.1816182241935,60.0,semi,5.0,1.0,0.11768588282851974
500563.65154338616,400.0,114.0,detached,4.0,2.0,0.2949375740653906
693459.3737953521,2102.666788597481,111.0,detached,2.0,1.0,0.1527328414142407
566802.8074399004,1380.586888137644,33.0,detached,1.0,1.0,0.5305551475747582
609647.370227491,1825.578614662648,69.0,townhouse,4.0,3.0,0.20835615392532497
796949.6445031569,1747.9771794947258,115.0,detached,5.0,2.0,0.23493824338285527
738393.3739231789,,87.0,detached,3.0,1.0,0.4132939669723221
688820.65901001,,106.0,condo,5.0,1.0,0.2509804447732028
562219.2048716294,880.2810729883756,52.0,semi,5.0,3.0,0.5217487466838037
456605.044178017,1489.7914650273838,33.0,townhouse,3.0,1.0,0.24798521650921265
705209.6713736237,2210.422747870429,61.0,semi,2.0,1.0,0.5148020935002241
419804.384797293,1431.5491347933792,98.0,condo,1.0,2.0,0.32750278267048305
536707.7574547894,834.7159744380169,111.0,condo,4.0,3.0,0.36777862278026124
745753.1664996509,2201.1332059540414,82.0,semi,3.0,2.0,0.6820995923623091
555161.558619205,2473.8567782649234,84.0,townhouse,1.0,3.0,0.07257475053750852
506696.0292939361,1773.0028754141963,61.0,semi,1.0,2.0,0.13529094829515942
321468.38034283166,623.4926409182805,38.0,condo,5.0,1.0,0.21613228027503126
649306.750547019,2223.5818480192897,50.0,semi,2.0,3.0,0.338971715007321
305320.53173486504,804.0672711481872,59.0,condo,2.0,3.0,0.33669687139812565
546552.418340091,1985.2795661088994,,townhouse,4.0,3.0,0.050905254416472784
374779.0284333457,1267.521705154704,66.0,townhouse,2.0,1.0,0.14380769474093757
606476.0211579754,1104.0964285398209,95.0,semi,5.0,2.0,0.3106803098521366
492505.7475869977,1534.853989752186,3.0,condo,4.0,2.0,0.4038942806836913
612176.2382048203,1690.0214661436441,90.0,townhouse,2.0,1.0,0.40377987404125026
345489.090722905,1413.4750497681312,,condo,2.0,3.0,0.16622477029266153
591827.609420394,2153.2219669290903,119.0,condo,5.0,1.0,0.07000970079794179
586103.6721259042,,56.0,detached,3.0,1.0,0.3210043196265082
603016.7833640687,,57.0,condo,5.0,3.0,0.16002733408564965
538224.032976155,1968.7038993860876,15.0,condo,2.0,2.0,0.3762288079390758
524079.85615307,1381.4656760422151,96.0,detached,1.0,3.0,0.06611719606178706
628146.0482196012,1280.4360697006284,84.0,condo,5.0,2.0,0.6032469305673699
368539.65603089577,811.5022205715368,103.0,townhouse,2.0,3.0,0.08604096880417167
597621.4033328333,1974.4399067200934,11.0,semi,5.0,1.0,0.18909732322925232
602740.1567279237,1587.2474716491852,25.0,detached,4.0,3.0,0.11112482942355975
479942.43505888846,400.0,105.0,semi,2.0,1.0,0.4256143704044627
654593.6181202168,1478.57107633836,5.0,detached,4.0,1.0,0.2769728222944732
400173.6480355961,1259.3795824470287,60.0,townhouse,1.0,2.0,0.18627741850862817
588302.1069340254,2745.406555302396,48.0,townhouse,2.0,2.0,0.26492273604055916
425760.8815869908,778.3328328640142,112.0,townhouse,2.0,1.0,0.22286611740992512
477978.5543863189,935.1895201595677,102.0,townhouse,4.0,3.0,0.21238940367458078
685305.3632251146,2465.9817858634196,107.0,semi,3.0,1.0,0.14626588152142075
750667.8054824076,2614.057894478378,34.0,townhouse,4.0,3.0,0.44563837775376347
327118.3190696388,1353.010236764615,,condo,3.0,1.0,0.07185657673751042
603630.4765164781,1420.7485063146535,84.0,detached,4.0,1.0,0.2798446812721319
616032.7406520956,2169.7412379319876,116.0,semi,1.0,1.0,0.09423404753047221
362924.0341655637,403.7401218328139,0.0,condo,4.0,2.0,0.7195871808838483
425086.75776770303,683.2837892966663,117.0,condo,1.0,2.0,0.24922235410551727
435295.1024057704,1631.559959489573,42.0,condo,1.0,1.0,0.35941652895901033
824100.3332504214,2729.9343396774757,15.0,detached,4.0,2.0,0.07184771459839019
455144.8233552808,1538.5619470999563,73.0,semi,1.0,3.0,0.07257868484539023
791355.2400923915,1860.5620750410928,93.0,detached,4.0,1.0,0.3381442288925381
464133.9661140934,2480.273563538407,15.0,condo,1.0,1.0,0.146469166108825
663785.0014161909,3064.130839966888,4.0,townhouse,1.0,,0.3949385505440803
747900.6959215902,1453.8909161110125,107.0,detached,5.0,3.0,0.22226914216316365
579475.368752195,1789.8979657599443,,detached,1.0,1.0,0.09491909528079819
783139.8129330102,2893.2331328057053,18.0,townhouse,5.0,1.0,0.4034785236697018
479200.23484068806,886.680434885143,108.0,condo,2.0,1.0,0.44932818201188446
781953.7367518727,2416.548642332293,109.0,condo,4.0,2.0,0.3642643036684197
684527.9362572203,1189.010680583245,119.0,condo,5.0,1.0,0.4090119043150581
361889.13363501657,1861.483420261894,25.0,condo,1.0,2.0,0.16271350860167835
329418.27966403164,1654.4285715598355,69.0,condo,2.0,2.0,0.11672323926122832
469134.43551571947,1225.1930395792624,,condo,3.0,,0.13440389728951518
548454.3352346042,1210.138843405035,108.0,condo,5.0,3.0,0.19889076514325701
601017.1024827857,1965.8486185522527,72.0,semi,1.0,3.0,0.5369952612094451
541385.7574112017,2397.323596897609,23.0,condo,1.0,3.0,0.27157131175432814
544296.7960474361,1722.158278086898,10.0,condo,2.0,3.0,0.3586620026845102
611883.7260196129,1842.0678952399298,31.0,detached,2.0,1.0,0.35004839507681945
458981.2150796256,2142.704439774628,7.0,townhouse,2.0,3.0,0.0685890918290886
397670.8459437775,1217.0287361922242,23.0,semi,1.0,1.0,0.314751784785231
694681.9899734762,2243.815505047754,8.0,detached,5.0,1.0,0.04767977910300036
894670.0083047304,2291.6058582358482,91.0,detached,4.0,2.0,0.3014691368717573
1013751.8501715632,3362.175779250246,70.0,detached,1.0,3.0,0.35817370522074443
421232.34810723574,1574.3374856642506,62.0,condo,3.0,2.0,0.17293823475322728
518092.68853199534,,,condo,4.0,2.0,0.05146204439502394
708126.7629079148,2261.379522944247,49.0,detached,4.0,2.0,0.16913481953270862
670436.2349010356,2291.462501347283,,townhouse,5.0,2.0,0.3833962159637955
495011.5164511718,1478.947707973973,24.0,townhouse,4.0,2.0,0.17955715971812503
421569.0268835884,1558.1023938419708,53.0,townhouse,4.0,2.0,0.011779510250362165
563696.8016741058,2124.6785029308244,20.0,townhouse,1.0,2.0,0.284484442834917
503421.7001955237,1303.4494555592032,70.0,condo,1.0,2.0,0.41772396575161735
560688.9676148583,1553.679607190991,,townhouse,4.0,1.0,0.10292366048627388
552708.150243724,1853.7556604210608,63.0,townhouse,5.0,1.0,0.44894120767444123
554207.527620308,2397.563210893355,35.0,townhouse,2.0,1.0,0.20044771705041375
602672.073855717,1437.2408302922754,82.0,semi,4.0,2.0,0.5300528202502981
458185.0474036891,694.5693227815968,98.0,condo,2.0,1.0,0.4117059207050441
419641.83359980275,650.0415194890735,56.0,semi,3.0,1.0,0.37511148976459824
355267.11987543554,1044.3521599763199,30.0,condo,4.0,3.0,0.25235306505693794
503788.4732674521,1012.0993690800376,85.0,townhouse,4.0,1.0,0.26445947803724923
551138.5655873173,1707.2335448280546,22.0,townhouse,1.0,3.0,0.32943522756636634
537952.6806696199,1086.671907841437,119.0,condo,5.0,1.0,0.2652392982409802
466835.4636261779,1378.3470241072775,38.0,townhouse,5.0,3.0,0.14465276859708848
535633.1557067473,,42.0,townhouse,3.0,1.0,0.4036542102326944
481764.1732006312,1535.695283491204,87.0,townhouse,2.0,2.0,0.45461268283832607
612969.0384317461,2593.5025989138735,1.0,townhouse,3.0,3.0,0.054125344060802806
735022.6393102483,2197.16855365831,24.0,semi,5.0,1.0,0.2863173492621132
589369.9104200928,1809.6776491656024,15.0,townhouse,3.0,2.0,0.42401997332510755
472304.5599669205,1523.3842316514972,46.0,condo,1.0,3.0,0.35441501646575596
449107.0798933573,1540.0604060261874,66.0,townhouse,1.0,1.0,0.29628745598915485
546468.8128044234,1996.6478819711697,21.0,condo,5.0,1.0,0.3367911014485881
482222.51216137904,2150.501444011374,,condo,4.0,3.0,0.14289237082679693
585269.6394014665,1255.4294963396396,92.0,semi,4.0,1.0,0.7301905759210514
632134.7370742029,1821.8884533685389,112.0,detached,1.0,3.0,0.09204255948033316
234688.96062445999,581.0282588021838,1.0,semi,1.0,3.0,0.16072581374270303
552497.7698601107,1927.0282705023583,75.0,condo,2.0,3.0,0.34107614198535213
547428.1688780973,2257.2895451752115,3.0,condo,2.0,3.0,0.25976609804352757
505441.67975908914,1631.9588238714748,62.0,townhouse,2.0,3.0,0.6182567971013144
665097.846835235,2889.9161976840633,105.0,condo,3.0,2.0,0.1467284124633738
579698.60470869,1271.2569315383698,95.0,detached,2.0,3.0,0.1640955264014011
429546.73614173697,1930.4642491819568,27.0,townhouse,1.0,2.0,0.1162010011480921
541558.0277143939,1778.5051520004267,31.0,townhouse,3.0,2.0,0.5234765885054327
537845.2190753075,1739.821399533955,94.0,townhouse,4.0,1.0,0.12576496717732594
729815.0799698898,1731.4066991971515,98.0,townhouse,4.0,3.0,0.493107751650334
689663.2101502779,1864.263018005683,33.0,semi,2.0,2.0,0.3858255303241824
672697.6226340507,2308.77524607822,0.0,townhouse,2.0,3.0,0.21371582966333452
589540.4626498255,2626.6417417648468,,townhouse,3.0,2.0,0.19740548656900533
474441.2562136372,1798.6498532975056,74.0,condo,1.0,1.0,0.26604829959253196
870661.4083618731,2289.1896433029797,53.0,detached,5.0,2.0,0.36660172834702637
682282.3954175836,1378.9398322399304,112.0,semi,5.0,3.0,0.4619458893124115
737679.2078961584,2259.5732716357397,97.0,semi,1.0,2.0,0.44447448729109273
712066.9567027704,1342.8050857038058,94.0,detached,5.0,3.0,0.15842158278243365
757292.1738327154,2454.395961652879,,semi,1.0,1.0,0.5836598769290694
843930.3905641778,,102.0,semi,3.0,3.0,0.21236123096280615
708074.4067424184,1726.7496672171649,90.0,semi,4.0,3.0,0.4482358762495417
315438.77720940224,484.4739055155548,47.0,semi,2.0,3.0,0.21746955400592696
423042.6883217707,1471.156240053106,70.0,townhouse,2.0,1.0,0.38885765145811485
653596.6030204304,2539.125080573582,,townhouse,1.0,2.0,0.5666111518037464
778215.786075063,2131.8460722151467,108.0,semi,4.0,1.0,0.3591262826520884
524325.8014520514,1949.3481592050177,66.0,condo,1.0,2.0,0.6153715645098059
562093.3691719983,2405.2010135729033,4.0,semi,3.0,3.0,0.08254050079818259
570347.6018257733,2090.6720635490533,74.0,townhouse,2.0,2.0,0.2235637749687907
938131.7152864363,2530.6351124706816,81.0,detached,5.0,3.0,0.19157132202918456
926477.4828153057,2351.6542059881913,7.0,detached,5.0,3.0,0.4909409121222744
906608.7590007778,2713.0202716421754,98.0,semi,5.0,3.0,0.34324826016722865
652379.3456771541,2015.2776503437526,24.0,semi,4.0,3.0,0.19678169004655097
764296.4395619251,2343.155640896373,,semi,3.0,2.0,0.22697748992412392
594888.1653385086,1615.7237561485288,66.0,detached,2.0,3.0,0.6815355268492777
371571.2945186784,1439.1235130645964,38.0,semi,1.0,1.0,0.1978042289083978
765417.8899447625,2824.060584251384,7.0,townhouse,5.0,3.0,0.26476122693148313
422052.6122744321,1929.722805793613,2.0,townhouse,2.0,2.0,0.07074542397191033
952955.4718533572,2282.9283395174275,88.0,detached,3.0,3.0,0.5145458750137183
576895.2616947289,1874.2440086468341,45.0,semi,1.0,2.0,0.30287412563125315
434943.20138047,1448.0906094480215,,townhouse,2.0,1.0,0.20728107354482436
520112.87313569826,1806.5897355494408,,townhouse,4.0,3.0,0.1648229119117028
768287.7857754944,2661.5964106606284,110.0,condo,3.0,3.0,0.26671784392109543
723238.768419368,2133.1440445676544,112.0,semi,3.0,1.0,0.3257983560252161
241438.07130217383,773.1161041617246,,townhouse,2.0,1.0,0.024612586514578143
475690.17449111404,1670.8533260543072,,condo,1.0,2.0,0.21112038856161208
1002063.9199777786,,112.0,semi,5.0,2.0,0.3441295167454152
498843.08375948895,1671.7218828900263,38.0,condo,3.0,2.0,0.33238549590322103
430791.3612222788,719.7127849594916,8.0,semi,2.0,1.0,0.34729951042402774
872848.9295532241,2935.829331253526,105.0,semi,2.0,2.0,0.45863135766311414
726366.0923045569,2209.4355058876754,56.0,townhouse,4.0,2.0,0.27487511669116793
473575.8061422915,1757.9922847123198,,townhouse,3.0,3.0,0.05956050317226763
637509.5759356203,1577.1493583507588,100.0,townhouse,2.0,2.0,0.41769530208129546
809518.6800514146,2449.411157875041,81.0,detached,5.0,2.0,0.126431539394
695347.2872654678,1474.8099598642846,8.0,detached,5.0,1.0,0.3556671899289944
481378.4580678713,2488.953854709593,31.0,condo,1.0,2.0,0.12597334426507173
563755.7114867565,2125.3171714345535,,condo,4.0,2.0,0.30235679458618
605689.4519975162,1946.80915529241,114.0,condo,5.0,1.0,0.24370539979113398
642085.0250039384,1887.3088832013573,2.0,townhouse,3.0,3.0,0.5031933771314686
524305.1968419094,1695.019177971493,95.0,condo,1.0,3.0,0.21674567516944815
585821.9429227613,2427.3840721255597,61.0,semi,1.0,1.0,0.35723299589465
609986.297888931,,69.0,detached,4.0,2.0,0.6628482891388036
669662.4691777661,826.8449239018744,97.0,detached,5.0,3.0,0.40990159222068395
564546.2796057188,2168.6640737354846,107.0,semi,1.0,1.0,0.1542358832320285
614651.5972442416,2178.7429968402885,15.0,semi,3.0,1.0,0.11823266818361287
491638.8357592972,2088.14469150706,2.0,condo,3.0,2.0,0.22161597415392884
610139.1764620024,2044.6370217708234,14.0,semi,2.0,1.0,0.5424529402125887
474917.21865702455,1607.6757729974713,81.0,townhouse,4.0,2.0,0.11159325760756675
743257.3944597259,2272.4896226313153,68.0,semi,5.0,1.0,0.18452771949362146
558743.4068231308,1772.6651239472756,10.0,townhouse,2.0,3.0,0.41359737902278537
316755.30674044444,1507.7318635108932,28.0,townhouse,1.0,2.0,0.1626448486336612
526413.0929525933,1612.86521264676,,detached,2.0,,0.25291009581297813
803393.3159401091,3012.3838192654994,,semi,2.0,3.0,0.13872019801663688
421732.7181729402,,41.0,detached,4.0,1.0,0.6067371898511589
742996.859120737,2099.8728625774793,113.0,condo,3.0,2.0,0.5470452027637324
492026.1683956898,792.5337434257697,119.0,townhouse,1.0,3.0,0.32798193695924904
456259.72291112784,1735.059997006216,91.0,condo,2.0,3.0,0.13213335951689217
527963.6205657443,1539.8235089074874,54.0,condo,4.0,1.0,0.5230349503731789
305339.52881548414,548.9830219920733,105.0,detached,3.0,2.0,0.03956286092475353
552972.6553760623,2033.4225542602578,87.0,townhouse,3.0,3.0,0.10208624585836402
559000.371902903,1571.9771626846825,62.0,detached,2.0,3.0,0.2519050046879912
258720.37218228698,540.4761944632536,53.0,condo,2.0,1.0,0.1411043366546549
605777.2543737753,2303.7408544645514,99.0,condo,1.0,3.0,0.4538196487721703
515982.69892930856,2661.003706793361,66.0,townhouse,1.0,1.0,0.05420096783402309
442706.7460427513,2694.074605377943,21.0,condo,1.0,2.0,0.10949985598003582
652936.246561086,2015.3738643908828,119.0,condo,4.0,1.0,0.3171982668161478
383664.99875826295,1827.6348831462692,8.0,condo,1.0,1.0,0.1707469093527133
867541.8707466675,2596.893972537478,83.0,detached,3.0,1.0,0.05035445121034521
972041.4198758984,2809.430151204059,78.0,detached,5.0,1.0,0.3274992020759066
538682.4442088401,2480.141221725375,70.0,condo,4.0,3.0,0.1324849154645275
531953.9823446512,1235.0774386621194,6.0,semi,3.0,,0.46748565770061273
537780.9142307409,1920.8069119289532,59.0,semi,1.0,2.0,0.4121253141143872
783290.812198575,2063.709686574857,107.0,detached,3.0,2.0,0.2046578067804769
469249.0971053144,714.2298186496624,28.0,townhouse,5.0,2.0,0.24554704242195013
519963.7896765331,2081.6163957724643,82.0,condo,2.0,1.0,0.2429432491670489
854940.5614880117,3163.7950955876336,103.0,condo,5.0,1.0,0.3714324160410369
754784.3644393648,2183.9616994804746,114.0,townhouse,4.0,3.0,0.39184351575300097
642751.9555892072,2684.0478488650538,61.0,townhouse,2.0,1.0,0.31260463733756805
503272.0058157642,,37.0,townhouse,1.0,3.0,0.2226829399009052
598606.2700456205,1756.0690056097071,83.0,semi,1.0,3.0,0.4855670752511119
597956.8936970794,2028.7628340485853,58.0,townhouse,2.0,1.0,0.464282839584138
463151.98975995474,1310.5040112093404,75.0,condo,2.0,1.0,0.3832438603553086
425023.6149784098,1221.734887659367,89.0,semi,4.0,1.0,0.03703909294949486
758194.035212651,2559.7827343016193,85.0,semi,3.0,2.0,0.29667758604292443
651002.3154185368,2623.405405719911,29.0,townhouse,3.0,1.0,0.18984270994255717
512777.20275953796,1205.3362106475897,90.0,townhouse,4.0,3.0,0.2529979776033405
738732.8523253371,2380.7992827323187,65.0,detached,4.0,2.0,0.1113317658728966
827205.6066389844,1747.8240146363873,111.0,semi,4.0,3.0,0.4766984996495217
517147.6106518853,2003.8851446942583,79.0,townhouse,5.0,3.0,0.07349361477312528
543590.8027896124,2076.131183661038,107.0,townhouse,2.0,2.0,0.1970575858129938
694152.2898381448,2396.610280874591,,townhouse,5.0,2.0,0.1231625182140123
541999.8103490561,1849.6309211179134,119.0,condo,3.0,1.0,0.10609843329431215
751117.0486169375,2646.0971971811614,89.0,townhouse,1.0,1.0,0.4901275046651398
534455.1348048428,1985.647703855955,71.0,townhouse,1.0,2.0,0.35885687403754024
735024.0694807079,2174.5105634817196,14.0,semi,1.0,2.0,0.49012519853376896
459433.4362930492,1300.042445077652,46.0,semi,5.0,2.0,0.11896501010646487
597821.243326253,3095.1954064229003,57.0,condo,1.0,1.0,0.2857992183747993
769785.936782757,2081.8949539229798,93.0,semi,5.0,3.0,0.45038926499564536
623546.2227536368,2227.7984552070598,70.0,townhouse,4.0,2.0,0.08240128519460505
353856.9891753484,835.0885132730751,52.0,detached,3.0,2.0,0.1078656964762915
549381.9879486646,1306.3787861525393,17.0,detached,5.0,2.0,0.24648114051975614
1013674.8309938177,2542.7302127512385,85.0,detached,5.0,2.0,0.25233882565017873
635342.3701860524,1972.1346709755628,51.0,detached,5.0,2.0,0.015835942103505217
298243.03186016483,651.7321591026443,4.0,townhouse,3.0,3.0,0.036550399981581425
726001.2002773525,2422.9739573902916,34.0,townhouse,2.0,2.0,0.5508987373539731
404509.6347014908,1473.7303173883658,105.0,townhouse,1.0,1.0,0.04078123990754613
773941.7471027261,2646.7901915260272,14.0,semi,5.0,3.0,0.11848737679864568
572307.5664325615,1747.2985928377802,,townhouse,5.0,1.0,0.30897124198238535
670961.4070679228,1922.824011612318,61.0,detached,3.0,1.0,0.18230697491963394
585103.4929643773,2507.372747154989,,semi,1.0,1.0,0.1311467482598594
520469.8570673944,1261.5042174872026,19.0,detached,5.0,3.0,0.08059477781508449
633511.3409416722,1204.2919152996362,112.0,detached,2.0,2.0,0.3121982817872793
663251.7488725852,1682.1009477611356,70.0,detached,3.0,1.0,0.646784640860607
703815.4037919284,2296.303679772733,25.0,detached,4.0,3.0,0.007543459878507868
364897.202194022,1001.4736484319056,20.0,semi,1.0,1.0,0.21781314104527943
410246.5041000073,799.179240066542,,townhouse,1.0,3.0,0.6509310878177754
692248.3671826393,2294.2325562262754,86.0,townhouse,1.0,3.0,0.42110655691966437
649508.5774422745,1438.2130124597977,87.0,semi,5.0,1.0,0.2297419119389355
669481.296940185,1564.6643922478302,23.0,detached,5.0,3.0,0.1504297115813224
456364.1680989657,685.9137588359005,87.0,detached,3.0,,0.31099930825892236
449413.1026307205,1392.6124113888106,107.0,townhouse,3.0,1.0,0.055561118514029076
586367.3363488662,1795.4596220213095,27.0,condo,3.0,2.0,0.39466048969631534
698916.6625548559,2358.226714573735,3.0,semi,2.0,2.0,0.5213353457328563
789989.602670474,1337.2619002592166,115.0,detached,3.0,1.0,0.6044412571734872
667387.2345620865,2794.425672139498,62.0,semi,2.0,3.0,0.15224299799481655
726523.2144727996,1389.2663854921195,93.0,detached,4.0,1.0,0.5529483789060832
615451.879026746,1390.1449190488952,38.0,detached,2.0,,0.5793709046317012
819220.9540765481,2722.4145311386815,35.0,semi,4.0,3.0,0.38418402182347106
471455.044006742,1926.8760914183504,27.0,condo,5.0,2.0,0.19624326609749163
488838.1608672222,,26.0,townhouse,2.0,1.0,0.30439896439355163
284132.7757922642,,56.0,condo,1.0,1.0,0.11986295995210972
666205.3870537577,2611.8441465252354,12.0,semi,3.0,,0.27839292908845076
718737.8304362583,2679.721691775409,101.0,semi,1.0,2.0,0.09406872346875121
564860.9688288802,1309.9240924378464,61.0,semi,2.0,3.0,0.2868772166286707
691220.0259247953,1774.539713952535,109.0,detached,4.0,1.0,0.16654682078745056
616631.8652101305,1854.094096600544,60.0,semi,3.0,3.0,0.1955731143935647
473767.10458949034,1208.2559336900415,36.0,semi,3.0,1.0,0.2553372371939062
577434.5296714721,1766.5889684100034,61.0,semi,4.0,1.0,0.26164582945291426
684016.628729012,1803.1937162710203,,detached,1.0,2.0,0.28126489519442494
696188.99541167,2484.1256873620414,98.0,townhouse,3.0,3.0,0.21487017548073678
492987.6727615616,2524.4550169867207,86.0,condo,1.0,3.0,0.03533140516775273
420779.1095528105,1602.4743609845953,17.0,condo,3.0,2.0,0.26893174422790667
474476.7557424206,1671.628113683513,69.0,detached,2.0,1.0,0.09971895781505913
868046.5913508706,2198.5753812333814,,detached,5.0,,0.3349922256922355
442985.9959163657,1448.886930643793,,condo,2.0,3.0,0.2335295422278508
554973.1855878577,2153.1840910424417,14.0,condo,2.0,1.0,0.4891142485495326
634547.8094213386,1747.256107578471,91.0,townhouse,1.0,3.0,0.303511739009431
567649.0302446361,1218.3608533568276,31.0,semi,1.0,3.0,0.4898757450291075
452127.5129089855,1225.897972272212,62.0,townhouse,2.0,3.0,0.25607848814190154
483005.80918370525,2668.2352176186614,29.0,townhouse,2.0,1.0,0.10120960783458388
533761.0627705602,1706.1471125140208,78.0,condo,4.0,1.0,0.34767286880460474
764255.4838502028,2784.2124563389866,5.0,townhouse,5.0,1.0,0.5704689910897408
701422.4966488074,1491.818243571054,43.0,detached,5.0,2.0,0.5488474867965605
638417.4537075222,1974.723120678896,65.0,townhouse,5.0,2.0,0.5152738283599043
718637.1585998713,3235.606033810945,52.0,condo,5.0,1.0,0.5168720858862075
298771.10032307886,1165.5679532020324,73.0,semi,3.0,2.0,0.09099576877950143
232228.10127672052,661.311300060134,21.0,detached,2.0,1.0,0.014388845343579695
825808.2608386223,2571.95407877234,53.0,detached,4.0,2.0,0.5726826515543382
328308.1923010654,1303.9145367641559,,condo,2.0,1.0,0.0990961586905969
693861.5030366846,1787.5761815362598,40.0,semi,4.0,3.0,0.4518791059335836
402379.05909145233,,18.0,townhouse,5.0,1.0,0.09921079420434822
423473.6146836517,,101.0,condo,1.0,3.0,0.09557246469414987
517609.26807081606,1229.6782756885548,93.0,detached,4.0,1.0,0.11253546290942776
572106.6746884339,1692.0359472700163,81.0,detached,5.0,1.0,0.07327562850170215
630748.4062006538,2069.8891959339207,95.0,condo,3.0,1.0,0.4968927760668355
471333.3051832429,1195.0146682354427,93.0,townhouse,2.0,2.0,0.41893281817131933
641138.987048737,1379.9495822124666,89.0,detached,2.0,3.0,0.36951560168373054
332511.7105574066,1591.570299840881,61.0,townhouse,1.0,,0.08999156935352501
462275.22155116993,942.710739464233,2.0,detached,2.0,3.0,0.2082526610255494
573741.2210371728,1546.4634103207522,71.0,condo,4.0,3.0,0.25659620129683663
416698.54884404945,1871.2779239417412,32.0,condo,3.0,2.0,0.09504132159700278
508031.90822407475,1560.270635046943,92.0,condo,2.0,2.0,0.27597136865327404
533356.18612445,1637.1741042409653,56.0,semi,3.0,3.0,0.24725203538234236
706771.5826159571,1788.0589974560487,108.0,semi,5.0,3.0,0.18042990862123057
355647.4407749384,1406.5539225406117,71.0,condo,1.0,1.0,0.23125325382735212
459504.73599118064,2214.637539520126,66.0,townhouse,1.0,3.0,0.04277099855082034
883340.8258887673,2661.5868748810653,110.0,townhouse,5.0,2.0,0.3813967501543301
643483.0434366431,1521.3717646827308,57.0,detached,4.0,1.0,0.4540582606079958
561280.9823259884,2091.118938886624,45.0,townhouse,3.0,3.0,0.23005185322378668
476102.74263744534,1656.229706739212,44.0,townhouse,5.0,,0.11003698218013462
722993.426740869,2019.292407023103,105.0,semi,3.0,2.0,0.3861121222909304
561162.2709720916,2739.4677187219527,90.0,condo,3.0,3.0,0.0273186838543005
670425.1153195803,2105.195725810859,19.0,detached,2.0,,0.23503505549014475
397486.57962693414,735.9512767141916,59.0,townhouse,5.0,3.0,0.08676432501541116
546105.4647412647,2072.3973788681756,44.0,condo,4.0,2.0,0.059981661784316596
592763.7980654072,2539.7182459854057,77.0,townhouse,2.0,1.0,0.2322871743582785
751750.7192241967,1667.0422980011383,6.0,detached,4.0,2.0,0.5028911548142444
705158.7183534639,2397.3808836706994,85.0,townhouse,4.0,1.0,0.2458361303193542
407190.0070362824,1385.9306753088324,,townhouse,1.0,2.0,0.17072255355357482
217649.81815360454,908.6765042866357,27.0,townhouse,1.0,3.0,0.07566610162703784
726378.8201072719,1884.7014112995842,18.0,semi,3.0,2.0,0.5210684273772747
335047.6841348577,746.1139675522115,,townhouse,4.0,3.0,0.04413201375227071
643691.2465698485,1656.137392263845,30.0,semi,4.0,2.0,0.5438314084265066
759979.1052657018,2572.1053575873016,112.0,townhouse,2.0,3.0,0.15801762797903546
489454.53097084723,654.1422565522315,93.0,townhouse,5.0,1.0,0.33897793168257545
504574.73062303005,1032.3019224516613,114.0,townhouse,3.0,3.0,0.1943942530542653
353282.16452258383,1180.7806529030536,64.0,condo,2.0,2.0,0.283701268286111
573494.8799207835,1762.008084173424,112.0,condo,1.0,3.0,0.36661735132609424
584149.124019712,1580.5699286122745,1.0,condo,5.0,1.0,0.3035861270649907
630996.2488779478,2639.481829017652,34.0,condo,4.0,1.0,0.2632258121322969
507718.3827270652,2372.6089974550187,0.0,condo,3.0,3.0,0.07082236688940041
880364.7227131136,2097.1637676411588,81.0,detached,2.0,3.0,0.5956672083455129
579838.0269411759,1887.378188606331,61.0,semi,1.0,3.0,0.3188751909589966
606027.1106754726,2035.9378661908963,34.0,townhouse,1.0,2.0,0.6142037523236866
332929.54994267214,1282.810586811975,36.0,semi,1.0,2.0,0.06527200732534057
634548.7144740758,2314.326212133967,77.0,townhouse,3.0,2.0,0.10528550494305097
407452.72862823744,1132.7734473844794,21.0,detached,1.0,3.0,0.060346622170783654
752813.4015276933,2301.2261963413384,61.0,detached,1.0,1.0,0.3674097565279052
660008.4733104162,2511.6855012712986,73.0,townhouse,2.0,1.0,0.6273901461389677
554338.1286074515,1926.5187612528523,28.0,condo,4.0,1.0,0.3985052248343242
576469.1472458127,1694.2721646228144,27.0,semi,3.0,2.0,0.42078192724166147
465395.24609858345,2040.1859449858039,42.0,semi,1.0,3.0,0.134717416489206
380082.01770830207,400.0,71.0,townhouse,4.0,2.0,0.34060286849297505
561242.4540183403,1981.3549310912767,30.0,semi,3.0,2.0,0.20866076405832068
581316.0868708955,1731.9876012961158,45.0,detached,1.0,2.0,0.2801764380546801
477683.6760141448,1769.6231321658054,65.0,townhouse,4.0,1.0,0.138694787404778
543084.4416393252,2223.9195077386967,22.0,condo,5.0,3.0,0.11355347341437728
518195.67252025945,1755.1386470611633,68.0,townhouse,3.0,3.0,0.18508139211222327
456670.1300993431,1115.875886009305,16.0,condo,1.0,3.0,0.3075699229867703
601754.0425773625,1715.1583975047731,17.0,townhouse,2.0,3.0,0.5737786645930957
451046.1626063026,1840.5332904484947,28.0,condo,3.0,2.0,0.027606911686938126
674788.1579195677,1868.9603469486076,34.0,detached,5.0,3.0,0.15329598160525126
853739.1343810606,1897.1516203710407,3.0,detached,5.0,2.0,0.5111966092376092
897923.2892352176,2423.621426951132,115.0,detached,5.0,3.0,0.11144332755779313
474217.3268478244,1148.3792681795114,36.0,condo,5.0,2.0,0.4526934268526517
772794.9458160216,1905.42027369891,,townhouse,3.0,3.0,0.5233004794312198
866562.2090337736,2573.9578191709447,108.0,detached,4.0,1.0,0.1728271918033094
379264.9043663654,759.2331018376829,96.0,condo,4.0,1.0,0.5207965607919889
629846.5520767835,1907.788008468032,99.0,semi,4.0,1.0,0.23027027541202302
440911.0364943531,1448.772898816174,12.0,townhouse,4.0,2.0,0.27952980658046117
542055.42955433,1577.573769316137,,detached,1.0,3.0,0.2675434493924039
646818.2431121977,1257.1154980713468,89.0,detached,5.0,2.0,0.4003330258633577
569181.781027969,1698.2695705797335,69.0,semi,1.0,3.0,0.3418894242897501
900358.8524657673,2904.753368656143,0.0,detached,3.0,2.0,0.37583444987428444
536507.058793679,1041.3417832936718,68.0,townhouse,3.0,3.0,0.4301646449127548
606489.3229102799,1098.2339985127035,,detached,5.0,3.0,0.41939361742223047
538206.679943581,1018.8392579018972,99.0,detached,1.0,1.0,0.5480541217844332
664299.2772340635,2836.4509719768607,46.0,townhouse,3.0,3.0,0.19714497971407272
455638.77654175396,1522.5961766872279,28.0,semi,2.0,1.0,0.14226369582049744
417038.64898222237,1784.6165637913955,,townhouse,1.0,2.0,0.1185147068841948
531131.1393203505,1558.3302353362562,,townhouse,2.0,2.0,0.31213490964529056
341071.39491734374,1233.3462729581452,41.0,condo,3.0,1.0,0.1959453993467597
506687.8653693899,1658.9096120313388,36.0,condo,5.0,3.0,0.2471039562872093
995553.5752955178,3274.946163441936,54.0,detached,2.0,2.0,0.29512572104814927
801865.1164731595,2635.242552584553,4.0,townhouse,5.0,,0.38312234787184535
474563.5702375264,1288.2373093246367,33.0,townhouse,4.0,1.0,0.23624783366433397
638492.9331846951,2188.5444618370116,37.0,townhouse,5.0,1.0,0.27397911203296793
457198.7955534855,,18.0,condo,5.0,1.0,0.2407791186849549
385301.90005485003,734.1794166922675,105.0,detached,4.0,1.0,0.033943585322263305
719944.1781496054,2411.7065505987775,81.0,semi,4.0,1.0,0.21737410127267376
785589.4612626805,2496.0557079861305,109.0,condo,1.0,3.0,0.5016395521445681
502448.7896348456,2427.6313506287397,67.0,condo,4.0,,0.04791527049383767
525199.5337543382,1518.0808504682564,13.0,detached,1.0,3.0,0.17504968622491365
710768.0597074538,,108.0,semi,4.0,2.0,0.6140498327717909
713656.2532772777,2249.859332194874,54.0,semi,4.0,3.0,0.2592287194305906
753547.580048478,2034.8976224088642,82.0,detached,4.0,3.0,0.3993683651685725
506965.77224361897,1563.8175172217734,45.0,detached,4.0,1.0,0.06728939613854082
449195.1691225489,828.5569079291013,59.0,townhouse,2.0,3.0,0.40333411337788727
432839.5811938572,1868.3251164852074,58.0,townhouse,2.0,3.0,0.09831808140516943
694940.696947149,2447.405783541668,,townhouse,3.0,2.0,0.5521063027051775
501927.48279186443,1081.4470265795057,66.0,semi,3.0,2.0,0.18795267891891068
629671.1059392672,2183.2556290055863,88.0,condo,2.0,2.0,0.5076107067307429
402865.7226780773,1998.9250170802156,2.0,townhouse,3.0,1.0,0.10181722657146056
508676.9018724872,2250.0889579394,15.0,condo,3.0,1.0,0.327836420171295
744171.6181136252,2323.1852998314043,101.0,semi,2.0,1.0,0.43975633208760895
552557.4337238489,1383.3208548447883,68.0,detached,4.0,1.0,0.2546443767808705
548847.5114195273,829.8243599010324,116.0,semi,2.0,2.0,0.46569952512829343
384764.7530776502,1479.8882845902724,72.0,townhouse,2.0,2.0,0.11233256059576528
722587.1512305528,2333.4763905162044,78.0,semi,3.0,1.0,0.25332374273655284
392273.79408442124,1474.7976578844173,107.0,condo,1.0,1.0,0.1971718965934523
599946.659813462,1383.574005685415,79.0,detached,4.0,3.0,0.19423477411625423
356661.0008490626,707.189794845217,39.0,townhouse,4.0,3.0,0.17245491221769418
872158.6306304787,2851.588532730563,63.0,semi,5.0,2.0,0.3746656199528118
796978.8775368605,2295.428184855186,28.0,detached,2.0,3.0,0.3207302870282225
470429.7508017203,2261.9375887648584,40.0,townhouse,3.0,2.0,0.1913171943321055
632255.1813617713,2380.6352320676842,81.0,condo,3.0,1.0,0.43080549627359127
679882.610575133,2146.025016926041,17.0,townhouse,4.0,3.0,0.6283209635555541
734449.4150728427,1653.4026868922826,80.0,detached,4.0,3.0,0.2534174504032501
638915.806214247,1701.741537526679,70.0,detached,5.0,2.0,0.07544896979443574
549345.0852039254,1543.461381244725,37.0,semi,5.0,2.0,0.18691593592364636
802346.861904656,3380.8444526490002,5.0,townhouse,1.0,1.0,0.4966855883994997
581360.3060210303,2133.5472187796654,84.0,semi,2.0,2.0,0.035482014637133845
594306.6322788072,1521.7197351891393,98.0,semi,4.0,2.0,0.12379615273658605
619329.7652245688,2079.298064499768,87.0,condo,3.0,2.0,0.38400165447923307
646373.8696822722,1193.4786492862095,50.0,detached,3.0,1.0,0.4746836831717841
826962.3968004988,2702.704031153536,78.0,detached,1.0,3.0,0.24315279091192885
570373.5708855529,1403.358542515716,49.0,detached,3.0,2.0,0.4099693129289176
553131.2794047181,2100.6512595734794,42.0,condo,4.0,1.0,0.32280317609438614
634374.3826322414,2439.5865778458806,39.0,semi,1.0,3.0,0.2503579259354802
674394.4444115061,2030.8611265229956,25.0,detached,3.0,2.0,0.4597957329034808
659869.086415648,1856.681995091783,,semi,5.0,2.0,0.12218770793763668
535502.2121808468,1806.481250913609,79.0,condo,3.0,2.0,0.2775797865437561
637338.0968087349,1766.1353418677356,20.0,townhouse,5.0,2.0,0.5172775389819582
634815.308835383,,103.0,detached,2.0,1.0,0.3914053707969466
598899.3090794771,1530.3099421381773,18.0,detached,1.0,1.0,0.4608677288030962
932082.2762108651,2687.754224190561,71.0,detached,4.0,3.0,0.27521794015867945
524895.0796831518,1734.878020388906,19.0,condo,2.0,2.0,0.679110437424393
534609.766567546,1328.522238370336,43.0,detached,1.0,2.0,0.5417537112945549
557981.6154025992,1490.221441883095,79.0,semi,1.0,1.0,0.6494666864154902
906848.9571057592,2460.222408418334,119.0,semi,5.0,3.0,0.512637189945201
672247.8038614598,2205.363979898687,119.0,townhouse,4.0,3.0,0.11174469297113851
789071.2510094818,2136.1975069393543,107.0,townhouse,2.0,3.0,0.43793367192658755
386179.58874620765,1645.487280654125,28.0,condo,3.0,2.0,0.18153338381956402
558360.749605094,2144.017482103767,11.0,semi,2.0,2.0,0.17067316622752018
554112.617622894,1413.8633250296111,108.0,semi,1.0,3.0,0.36629047283860705
681578.6485517491,1644.2315811925353,110.0,semi,5.0,3.0,0.25878645235240394
801653.5709896657,2381.8826924350474,33.0,detached,5.0,2.0,0.16526951201102194
561942.6758601309,2324.5666073514385,2.0,townhouse,2.0,3.0,0.06597997512677842
430941.9294079596,1210.854092429518,77.0,townhouse,2.0,3.0,0.21387489867856013
607697.9252456321,1286.6841282548546,9.0,semi,5.0,3.0,0.44799253670129674
333515.1595505488,,4.0,condo,3.0,1.0,0.03569282236116047
850798.5865241578,2835.679424801706,112.0,detached,2.0,1.0,0.10500555424316
205779.12512673502,650.6609013186035,59.0,condo,2.0,1.0,0.224212079033155
657862.8113211554,1966.9997637423025,,townhouse,3.0,3.0,0.3783878358111097
530693.0350480144,974.3740010561111,,detached,3.0,1.0,0.30679067221567347
342526.8278308085,1419.4014038846726,44.0,townhouse,1.0,1.0,0.15107926084498896
396078.302465391,1581.3429491614552,64.0,condo,3.0,1.0,0.12572901192558789
625953.0052884802,1547.6949939378655,107.0,semi,3.0,1.0,0.23371167836202247
567675.3500093998,1479.722436204475,28.0,semi,2.0,3.0,0.45437279713621204
588452.5924341538,1804.324236225822,77.0,condo,2.0,3.0,0.3369694228673548
693046.6736177091,1478.846660021653,99.0,detached,3.0,3.0,0.4605491637462493
459127.03083520744,922.5255690875084,50.0,detached,2.0,1.0,0.5435564978338504
812731.4775078476,2267.921767513666,116.0,townhouse,5.0,2.0,0.5685444141270315
584111.6869059015,2251.723300289328,53.0,condo,3.0,3.0,0.24692578998374048
561939.9680590988,2305.9045860136016,55.0,townhouse,3.0,2.0,0.28219036350826693
627728.5469005093,875.5593022415509,106.0,detached,2.0,3.0,0.3742922142153295
626543.5996692443,1979.3508915504906,76.0,townhouse,5.0,2.0,0.20032246921856905
792544.1226383157,2205.587313484154,,semi,1.0,1.0,0.5126152067567609
515667.83349996235,1181.278758936249,94.0,condo,3.0,2.0,0.5211751350896845
574439.3972411657,1805.5039489092776,85.0,townhouse,1.0,3.0,0.4964986378916933
636879.578800043,1730.2400128137806,28.0,semi,4.0,3.0,0.27447352807807474
767959.3742955953,2905.290395140958,47.0,townhouse,2.0,2.0,0.6108674753538544
761088.781118116,2954.6976222075436,103.0,townhouse,2.0,2.0,0.3220872510126996
173676.79531311436,801.3861640018795,73.0,townhouse,1.0,3.0,0.06862470875548964
861543.4499765103,3296.3562034367937,33.0,semi,4.0,3.0,0.45133620838444566
481214.75087338715,1250.8645673080057,39.0,townhouse,2.0,2.0,0.4868400306306237
793312.7069420223,2388.4039765964553,93.0,detached,2.0,1.0,0.10851575338315017
620381.243875456,2382.2987885182383,21.0,semi,5.0,3.0,0.10350331998415226
396457.11995403573,1202.585863894916,13.0,semi,1.0,3.0,0.17947641426429256
617602.197562921,2095.9606763034594,91.0,townhouse,3.0,1.0,0.3149327018944468
468878.87383182306,,34.0,condo,1.0,1.0,0.22894720380344458
581296.6921292574,2132.5980027794344,91.0,condo,1.0,1.0,0.20974769830788684
589803.0103016652,1938.4033814283755,64.0,semi,1.0,2.0,0.29839614461241193
661377.4279382856,2517.8036912221482,119.0,townhouse,1.0,1.0,0.10371164301670024
717665.9044345005,1845.2397258876374,62.0,detached,5.0,3.0,0.1297910266941697
496910.1202183893,1699.2755583442133,104.0,semi,3.0,3.0,0.0518266967688994
813941.7694449029,2457.638539834308,102.0,townhouse,5.0,,0.38580317145216886
503307.6524702812,2148.237578915162,25.0,townhouse,2.0,3.0,0.18433802666127125
734505.6482346599,2239.0880365925327,119.0,condo,4.0,1.0,0.5114041355132795
619534.4055774552,1401.247996644842,89.0,semi,1.0,3.0,0.4805220291105538
414109.84454339865,1172.8423311609156,12.0,condo,1.0,2.0,0.40946791851070663
491866.7538411148,1459.366714048379,0.0,condo,1.0,1.0,0.3927208087338426
518326.3183719656,1427.5071685916469,32.0,townhouse,5.0,2.0,0.1536069559412004
813111.0460217728,2271.7195611917487,1.0,detached,4.0,,0.37434627322861463
671051.0514403196,2385.5904301764313,42.0,semi,4.0,3.0,0.3731104834785612
651547.0060770082,1706.9218262805598,119.0,condo,5.0,1.0,0.19536793182864437
672522.8838137889,2658.5514112946116,,townhouse,2.0,3.0,0.18602086803724488
685957.8760087733,2621.0816362590776,,condo,4.0,1.0,0.6570492921406449
568813.573154442,1946.0393498403234,59.0,condo,3.0,2.0,0.39399589348911945
530881.8706500054,1306.864937074176,26.0,detached,3.0,1.0,0.1800374043682608
763336.4909154034,2745.225989661324,102.0,condo,4.0,3.0,0.24846602160845394
508872.0639691667,1763.3895893829551,10.0,semi,3.0,3.0,0.09937380256483826
442271.8049377366,,,condo,1.0,2.0,0.07617112313159762
464491.7083414843,1596.2369846360589,53.0,townhouse,1.0,3.0,0.2935688375837557
447243.3590684228,1266.1258042216814,2.0,semi,3.0,3.0,0.09222117015159695
453142.248356688,918.8163418108248,80.0,detached,3.0,1.0,0.20583113985685017
693313.7384258682,2179.7209941343726,54.0,detached,4.0,1.0,0.19896460358484272
443649.48190902034,1329.9593676620277,92.0,townhouse,3.0,1.0,0.22317954102146434
776768.5280230461,3635.718737398094,74.0,townhouse,1.0,2.0,0.07524858158897499
397713.5697977596,1148.3558504325126,94.0,townhouse,2.0,,0.20692419553823463
544703.2614268118,1045.570515011178,55.0,detached,3.0,1.0,0.5017374906953807
723262.8621393173,2106.0832293680646,0.0,townhouse,5.0,2.0,0.3709698299527693
853098.3892546179,2717.588087380377,15.0,detached,3.0,1.0,0.24629754781438198
737778.0057726031,1838.753794165933,55.0,detached,4.0,3.0,0.24896252469634544
576592.0978640117,2143.3454521123645,47.0,semi,4.0,3.0,0.046304741694811975
366730.07222619286,693.8715495247742,95.0,townhouse,2.0,3.0,0.2595993926806045
495476.26126541983,1393.49307258494,49.0,townhouse,5.0,1.0,0.21535291188503736
442493.63626336976,1155.8305625174598,103.0,condo,4.0,3.0,0.14590174361998437
430708.91159419087,662.9724900312714,,condo,5.0,2.0,0.21992037149921034
686867.6530251574,1870.188140414332,46.0,semi,4.0,3.0,0.3870446930129602
390493.6484941487,,90.0,condo,4.0,3.0,0.3487703623470211
366598.46314955835,1006.6824203475308,14.0,detached,1.0,2.0,0.088114915658126
379961.00230873306,1477.6837235919493,38.0,condo,3.0,1.0,0.253972979510256
555411.3617062006,1301.2284984293542,90.0,semi,1.0,3.0,0.39795019110824414
601045.744658641,,70.0,condo,4.0,2.0,0.610872061964489
546587.8438488393,1983.348115141488,93.0,condo,4.0,3.0,0.19624443679293224
629688.5251698805,2336.279247561274,61.0,townhouse,3.0,3.0,0.3279157732061005
591868.5416764477,2251.430239627607,,condo,2.0,1.0,0.08536439544570028
903138.8269168859,2484.4876736168285,105.0,detached,1.0,3.0,0.3347600486411646
825849.3102600521,1798.8489599945674,116.0,detached,4.0,1.0,0.43807078858066817
605844.9432218372,1982.080140490002,14.0,townhouse,4.0,1.0,0.433799528935739
642049.3307071718,2106.9082211515147,70.0,townhouse,3.0,1.0,0.4105104200596331
711966.1967590131,1884.9940184346153,13.0,detached,4.0,3.0,0.25662642749312214
451555.7107658402,1561.6834140497556,27.0,townhouse,4.0,1.0,0.2509472435233093
648406.1618883989,1600.5344793961378,36.0,detached,3.0,3.0,0.3031698948129201
425031.53703934466,1309.4649610020208,,condo,1.0,1.0,0.4331591037304029
784838.41266022,2052.9700979458976,,detached,5.0,2.0,0.34909042138126845
645998.2115095605,1743.5908955489067,103.0,semi,3.0,1.0,0.5970423125931881
494401.63222732535,1402.095749617941,35.0,condo,4.0,2.0,0.47712797226075804
555358.1828746125,1402.6531084052444,74.0,townhouse,5.0,2.0,0.36729363404494
489324.9094670839,1073.7607633303269,91.0,townhouse,2.0,3.0,0.47353764286383804
723080.0630397586,2387.30480474232,117.0,townhouse,4.0,3.0,0.10827725136214772
601634.5995433771,1847.1706017190725,29.0,condo,1.0,3.0,0.44201653910524347
647636.8892448539,1282.319988256038,88.0,semi,5.0,2.0,0.3118563097613577
637113.9717261684,2285.128649761211,10.0,condo,1.0,1.0,0.5334140998389517
437126.3562639188,1463.7307141233762,65.0,townhouse,3.0,1.0,0.24367738827053692
405343.7617381478,956.0996237926604,49.0,condo,2.0,3.0,0.21586023443642705
761626.6453967283,2412.7333735314796,115.0,townhouse,1.0,2.0,0.523045804462984
623671.471277519,1477.7418062603322,92.0,detached,3.0,3.0,0.1080850784564954
642891.6904318435,1554.6605458747263,111.0,townhouse,5.0,2.0,0.2151101259988267
558159.6276296033,1824.7080122095065,102.0,condo,1.0,2.0,0.4521023331742384
836154.2545675329,2485.553533674069,49.0,detached,2.0,3.0,0.25925626355500503
531357.5383314083,1812.022374519787,88.0,condo,1.0,3.0,0.28914792352003965
441783.78587863967,1080.5297243128618,3.0,detached,1.0,1.0,0.5847803216067896
537585.1801391667,2126.326202467308,66.0,condo,2.0,2.0,0.3339745878524684
509537.2369988667,1509.0061654429655,5.0,condo,3.0,1.0,0.31823957916173895
993292.2951709763,2932.75438291768,86.0,detached,4.0,3.0,0.22182511771454946
549625.7093899896,1799.328166801266,116.0,townhouse,4.0,1.0,0.024078544207070788
263783.67669287673,458.9787012608003,81.0,detached,4.0,3.0,0.02470100380600995
740534.3770377241,2014.4189832934044,100.0,townhouse,4.0,3.0,0.4234459278540575
537031.3322382919,2966.7586753561372,28.0,condo,2.0,1.0,0.14356656077404664
940621.9812055057,2745.552173127234,119.0,detached,5.0,2.0,0.05803892494873135
811155.5697482681,2898.572573253939,66.0,detached,1.0,1.0,0.233613615298768
600928.0110055383,1188.143888771122,80.0,semi,4.0,2.0,0.4113693637844009
676674.8978767565,2347.2914375860673,92.0,semi,1.0,2.0,0.22949193485083982
608105.0286701448,1366.803276157973,76.0,detached,4.0,2.0,0.22903007364911632
688855.2307265478,1934.5736396501547,38.0,semi,1.0,3.0,0.6565530998421486
378000.7751490815,1036.2285427561606,73.0,semi,2.0,2.0,0.1248265647185056
528647.8295055146,1413.3265410703702,78.0,detached,2.0,2.0,0.0759756953870523
630025.9115960611,1394.2519815818307,102.0,semi,4.0,1.0,0.3536641541094098
660160.0641220105,2339.1331680855697,,detached,1.0,3.0,0.10244552704163408
362069.53024512087,2280.431473001793,60.0,condo,2.0,1.0,0.056164777040493115
542444.6239107442,1966.0918375984925,60.0,condo,2.0,2.0,0.39905612117379785
330400.51586661907,989.7471491667687,13.0,semi,4.0,1.0,0.2434331983494586
570618.9634770468,1613.016339630168,,condo,5.0,1.0,0.42499069173268533
529931.9919861108,1352.3301102343644,2.0,semi,4.0,2.0,0.19685290504648847
501796.3965199794,2321.8054540166945,79.0,condo,3.0,3.0,0.08279742447882711
699793.3394580968,2506.9109116903105,50.0,detached,2.0,1.0,0.11447883441547288
827269.9537147814,2433.83135161853,103.0,semi,5.0,2.0,0.4864640585788418
538348.4838061659,1346.8683483497878,84.0,townhouse,1.0,3.0,0.3133045400409772
303858.86108574556,400.0,16.0,detached,1.0,2.0,0.33261153143725003
265212.47506159695,739.8228611219674,12.0,condo,2.0,1.0,0.2510272560818251
634311.6182318374,2652.976186849325,43.0,semi,2.0,1.0,0.1244139367042106
663156.336836192,1559.2470364081057,110.0,semi,3.0,3.0,0.28216383649067794
569494.1793424014,,5.0,semi,5.0,1.0,0.6874187400953196
562239.2743783813,2785.5961760617406,22.0,condo,4.0,1.0,0.1612375831883401
874922.9484532411,2559.095967292996,3.0,detached,2.0,1.0,0.5745716803332271
580269.7202492264,1814.669233151872,49.0,condo,2.0,3.0,0.4125195124090268
690741.6554403096,1623.9581453616156,118.0,condo,4.0,2.0,0.5511133800319761
546541.7627216742,1720.739272312125,82.0,condo,2.0,3.0,0.6415882935073536
537346.2978178045,1936.2976790324797,59.0,condo,5.0,2.0,0.14911891954737963
515287.8863713493,2760.028368791765,,condo,3.0,1.0,0.08432683870757869
613450.7079531454,2053.4804545423362,42.0,townhouse,3.0,1.0,0.41657997723380974
740493.8514572677,2235.617419823485,62.0,semi,5.0,1.0,0.39030903684831786
605705.9481123206,2501.5620654421027,32.0,semi,2.0,1.0,0.11496496331955657
464524.7846497319,1098.1943993853486,84.0,condo,3.0,2.0,0.4753349907318458
753455.2737245053,2252.9171354844257,117.0,semi,3.0,1.0,0.366228343103364
513058.31137320324,1623.2587472030332,24.0,townhouse,2.0,1.0,0.29891449655726876
252927.01413020422,400.0,30.0,detached,1.0,2.0,0.09194967070886324
334354.35841259855,523.0982748085128,15.0,semi,2.0,2.0,0.5310686065985902
518210.46087922633,1189.1294330887886,87.0,semi,1.0,3.0,0.6770735416620492
646472.234800437,2118.733937155549,55.0,semi,4.0,2.0,0.2765794715883408
541698.539054208,1868.2797392041778,34.0,townhouse,1.0,2.0,0.30632759187016234
522943.7336950929,1910.6200243053984,26.0,townhouse,2.0,2.0,0.23621504512810915
1012162.9730424575,2970.5660896120153,8.0,semi,5.0,1.0,0.3937224258856966
357818.2876062427,,57.0,detached,3.0,2.0,0.03654092639832812
640590.5479395553,1783.5399874897657,81.0,townhouse,4.0,2.0,0.24900299731231823
831052.0971255534,1982.6613136882893,28.0,detached,4.0,1.0,0.4471909719895689
435004.04219343513,1358.2361300769987,0.0,condo,2.0,3.0,0.18177454533093337
574782.3010284367,1816.9960470497647,56.0,condo,4.0,2.0,0.5180643874919175
514168.036093542,840.030399549393,,detached,2.0,3.0,0.6432468087251385
788335.719510026,2645.9437303650166,41.0,semi,4.0,1.0,0.5043122769156555
663331.6612214153,1391.0312684817397,30.0,detached,4.0,,0.2761606345742058
859843.5582662694,3018.840098867102,18.0,semi,5.0,2.0,0.4006440334045474
736194.1384997119,1780.5154056495269,89.0,detached,5.0,3.0,0.19273846596470598
597510.9452281882,2416.83213923951,103.0,condo,1.0,2.0,0.7647744617145491
533172.5475185522,1768.0182786053074,92.0,detached,2.0,2.0,0.09840763555505452
589110.9948377211,1781.553700643682,62.0,townhouse,3.0,,0.6722681180794327
608901.8822740022,1449.5824000667953,86.0,townhouse,2.0,3.0,0.49790738553597835
592602.732020047,1871.4743576197666,,detached,4.0,1.0,0.12823577778338355
668445.5646372319,,2.0,condo,5.0,1.0,0.4490651106688203
482542.71207585436,1329.4448946508921,44.0,detached,2.0,2.0,0.30908118096896486
571102.516013377,1724.9733504840694,84.0,condo,5.0,3.0,0.23705574206695176
545861.5595205402,1433.9406803657319,77.0,townhouse,5.0,3.0,0.23050343581657393
933789.1892330878,3179.798441768903,118.0,townhouse,5.0,3.0,0.24008934731376189
583772.6903721715,1746.1615380530288,,condo,1.0,2.0,0.31660708232395474
780435.4537355391,2727.1392910179356,29.0,semi,2.0,3.0,0.6191653261664161
407553.9516064434,1682.626601515387,1.0,semi,1.0,2.0,0.04932184940457338
562102.394737737,1955.5725849209448,32.0,detached,1.0,2.0,0.10258730637376841
355180.6343048814,1007.1815570128384,105.0,condo,1.0,1.0,0.08028527889821353
644480.564676662,1531.7564448792812,97.0,semi,3.0,3.0,0.5014152319666293
561715.7509464987,1926.3208024735482,11.0,condo,1.0,1.0,0.3137046816462357
617666.998598841,2751.60229857592,19.0,semi,2.0,1.0,0.12930485374094702
573785.6355333899,1933.1896666057628,67.0,condo,5.0,2.0,0.2586911591524983
734914.1499564012,2630.2322167157995,79.0,condo,5.0,2.0,0.36480430660465213
720216.1892777133,2184.437466121752,117.0,semi,5.0,1.0,0.12494655035575723
821745.5502410377,2776.4408036788113,90.0,semi,1.0,2.0,0.3069055513715365
543795.909026531,1764.5746696169667,,condo,4.0,1.0,0.3492314691366957
901548.8068450511,3234.1336263910825,4.0,detached,4.0,2.0,0.030343057537558813
693194.9206508384,1508.7622782515261,76.0,detached,1.0,3.0,0.4233727909699163
586254.2933298266,1340.1228994813987,66.0,semi,5.0,3.0,0.5432997593998151
515929.2732783596,1073.9682901865795,110.0,townhouse,3.0,1.0,0.38845071256625074
1028963.5215116662,3198.6148029348424,69.0,detached,5.0,2.0,0.19454711315876938
657444.1163816963,2291.6685435707386,60.0,semi,1.0,2.0,0.27997946052518025
425912.01343765354,1599.527559971815,36.0,condo,4.0,1.0,0.1592259475493401
